id,group,source_phase,bits,locations,edges,gas,steps,theoretical_dense_cells,status,cost,witness_gas,frontier_rows,frontier_points,max_frontier_width,frontier_candidates,certificate_bytes,dense_status,dense_cost,dense_cells,dense_certificate_bytes,oracle_status,oracle_cost,oracle_prefixes,oracle_error_traces,producer_cpu_s,checker_cpu_s,dense_cpu_s,oracle_cpu_s,peak_rss_kib,agreement
gas-erasure,legacy-hand-control,interval-pilot,1,3,4,1,2,36,optimal_bounded,1,1,18,16,2,12,811,optimal_bounded,1,36,866,optimal_bounded,1,5,2,0.000100910,0.000101099,0.000145606,0.000015383,93236,yes
step-erasure,legacy-hand-control,interval-pilot,1,4,5,0,2,24,optimal_bounded,1,0,24,16,1,12,955,optimal_bounded,1,24,1022,optimal_bounded,1,6,2,0.000084074,0.000105767,0.000099107,0.000012329,93236,yes
value-erasure,legacy-hand-control,interval-pilot,1,3,4,0,2,18,optimal_bounded,1,0,18,12,1,8,791,optimal_bounded,1,18,836,optimal_bounded,1,5,2,0.000061492,0.000066819,0.000076613,0.000010606,93236,yes
zero-cycle,legacy-hand-control,interval-pilot,1,3,3,0,4,30,optimal_bounded,3,0,30,24,1,20,913,optimal_bounded,3,30,974,optimal_bounded,3,8,3,0.000100379,0.000085637,0.000092627,0.000011557,93236,yes
havoc-choice,legacy-hand-control,interval-pilot,2,3,3,0,2,36,optimal_bounded,2,0,36,22,1,14,965,optimal_bounded,2,36,1086,optimal_bounded,2,7,2,0.000167519,0.000092797,0.000099067,0.000012609,93236,yes
modular-wrap,legacy-hand-control,interval-pilot,2,3,2,0,2,36,optimal_bounded,2,0,36,15,1,3,853,optimal_bounded,2,36,1009,optimal_bounded,2,3,1,0.000058817,0.000079318,0.000075663,0.000008353,93236,yes
safe-loop,legacy-hand-control,interval-pilot,1,2,1,0,5,24,safe_bounded,,,24,12,1,0,557,safe_bounded,,24,698,safe_bounded,,6,0,0.000038958,0.000051346,0.000083844,0.000007972,93236,yes
initial-error,legacy-hand-control,interval-pilot,1,1,0,0,0,2,optimal_bounded,0,0,2,2,1,0,251,optimal_bounded,0,2,234,optimal_bounded,0,1,1,0.000014993,0.000022534,0.000020390,0.000004547,93236,yes
multiple-initials,legacy-hand-control,interval-pilot,1,2,2,0,1,8,optimal_bounded,2,0,8,6,1,2,499,optimal_bounded,2,8,504,optimal_bounded,2,4,2,0.000036093,0.000041471,0.000075511,0.000009294,93236,yes
generated-0,legacy-pilot-generated,interval-pilot,2,5,5,1,2,120,safe_bounded,,,60,17,1,9,1313,safe_bounded,,120,1774,safe_bounded,,3,0,0.000116042,0.000105526,0.000218313,0.000008001,93236,yes
generated-1,legacy-pilot-generated,interval-pilot,3,3,9,3,2,288,optimal_bounded,3,1,72,44,2,49,1944,optimal_bounded,3,288,2277,optimal_bounded,3,16,3,0.000160168,0.000169592,0.000541123,0.000022543,93236,yes
generated-2,legacy-pilot-generated,interval-pilot,1,2,2,2,4,60,optimal_bounded,0,0,20,14,1,7,673,optimal_bounded,0,60,722,optimal_bounded,0,10,4,0.000057095,0.000062863,0.000101401,0.000014101,93236,yes
generated-3,legacy-pilot-generated,interval-pilot,3,3,7,3,4,480,safe_bounded,,,120,40,1,0,2233,safe_bounded,,480,3110,safe_bounded,,20,0,0.000159055,0.000190723,0.000838833,0.000032979,93364,yes
generated-4,legacy-pilot-generated,interval-pilot,2,3,3,3,5,288,optimal_bounded,3,0,72,33,1,9,1427,optimal_bounded,3,288,1745,optimal_bounded,3,5,1,0.000105436,0.000123984,0.000322488,0.000011117,93364,yes
generated-5,legacy-pilot-generated,interval-pilot,3,4,9,0,2,96,safe_bounded,,,96,34,1,14,2103,safe_bounded,,96,2788,safe_bounded,,2,0,0.000151144,0.000225184,0.000176672,0.000005989,93364,yes
generated-6,legacy-pilot-generated,interval-pilot,2,2,4,2,2,72,safe_bounded,,,24,12,1,0,800,safe_bounded,,72,941,safe_bounded,,15,0,0.000055302,0.000134730,0.000114700,0.000017366,93364,yes
generated-7,legacy-pilot-generated,interval-pilot,1,4,10,0,4,40,optimal_bounded,0,0,40,19,1,26,1551,optimal_bounded,0,40,1715,optimal_bounded,0,16,6,0.000178064,0.000118706,0.000147409,0.000023495,93364,yes
generated-8,legacy-pilot-generated,interval-pilot,2,3,6,0,5,72,safe_bounded,,,72,24,1,10,1549,safe_bounded,,72,2074,safe_bounded,,5,0,0.000123413,0.000131505,0.000140759,0.000009785,93364,yes
generated-9,legacy-pilot-generated,interval-pilot,3,5,10,3,2,480,optimal_bounded,1,0,120,43,1,30,2559,optimal_bounded,1,480,3195,optimal_bounded,1,10,2,0.000211284,0.000248439,0.000779256,0.000021011,93364,yes
generated-10,legacy-pilot-generated,interval-pilot,2,2,5,3,4,160,optimal_bounded,9,1,40,30,1,16,1208,optimal_bounded,9,160,1349,optimal_bounded,9,11,3,0.000092076,0.000104926,0.000235139,0.000019109,93364,yes
generated-11,legacy-pilot-generated,interval-pilot,3,5,12,0,1,80,safe_bounded,,,80,21,1,5,2102,safe_bounded,,80,2731,safe_bounded,,2,0,0.000124926,0.000145126,0.000201669,0.000006700,93364,yes
generated-12,legacy-pilot-generated,interval-pilot,2,5,13,0,2,60,optimal_bounded,1,0,60,18,1,7,2014,optimal_bounded,1,60,2323,optimal_bounded,1,3,1,0.000142972,0.000137053,0.000164123,0.000009224,93364,yes
generated-13,legacy-pilot-generated,interval-pilot,2,4,6,1,5,192,safe_bounded,,,96,29,1,5,1841,safe_bounded,,192,2621,safe_bounded,,28,0,0.000166487,0.000153317,0.000342017,0.000031146,93364,yes
generated-14,legacy-pilot-generated,interval-pilot,3,2,7,3,4,320,optimal_bounded,2,0,80,80,2,61,2062,optimal_bounded,2,320,2193,optimal_bounded,2,11,5,0.000162241,0.000188650,0.000446472,0.000022894,93364,yes
generated-15,legacy-pilot-generated,interval-pilot,1,3,7,2,2,54,optimal_bounded,1,1,18,11,1,5,1033,optimal_bounded,1,54,1083,optimal_bounded,1,12,2,0.000067390,0.000070805,0.000140509,0.000051897,93364,yes
generated-16,legacy-pilot-generated,interval-pilot,2,4,11,0,1,32,safe_bounded,,,32,10,1,2,1437,safe_bounded,,32,1674,safe_bounded,,1,0,0.000119988,0.000085196,0.000104034,0.000004486,93364,yes
generated-17,legacy-pilot-generated,interval-pilot,2,5,10,1,1,80,safe_bounded,,,40,8,1,0,1442,safe_bounded,,80,1775,safe_bounded,,6,0,0.000075532,0.000088351,0.000162551,0.000009705,93364,yes
generated-18,legacy-pilot-generated,interval-pilot,1,3,8,0,2,18,optimal_bounded,8,0,18,9,1,11,1099,optimal_bounded,8,18,1159,optimal_bounded,8,7,1,0.000073299,0.000071737,0.000089373,0.000018508,93364,yes
generated-19,legacy-pilot-generated,interval-pilot,3,2,2,0,5,96,safe_bounded,,,96,48,1,0,1618,safe_bounded,,96,2191,safe_bounded,,3,0,0.000095091,0.000144434,0.000113799,0.000006279,93364,yes
generated-20,legacy-pilot-generated,interval-pilot,2,3,8,1,4,120,safe_bounded,,,60,34,1,25,1622,safe_bounded,,120,2101,safe_bounded,,5,0,0.000130373,0.000134059,0.000270121,0.000010546,93364,yes
generated-21,legacy-pilot-generated,interval-pilot,2,3,8,2,5,216,optimal_bounded,9,2,72,43,1,25,1873,optimal_bounded,9,216,2211,optimal_bounded,9,12,1,0.000146207,0.000187117,0.000387394,0.000020911,93364,yes
generated-22,legacy-pilot-generated,interval-pilot,1,3,3,2,2,54,optimal_bounded,2,1,18,10,1,6,717,optimal_bounded,2,54,772,optimal_bounded,2,6,3,0.000058086,0.000061482,0.000133057,0.000010235,93364,yes
generated-23,legacy-pilot-generated,interval-pilot,1,4,4,3,2,96,optimal_bounded,3,0,24,8,1,2,856,optimal_bounded,3,96,963,optimal_bounded,3,3,1,0.000056353,0.000064266,0.000201138,0.000008682,93364,yes
generated-24,legacy-main-generated,main,3,5,7,0,4,200,safe_bounded,,,200,56,1,19,3208,safe_bounded,,200,4757,safe_bounded,,10,0,0.000293856,0.000300306,0.000364951,0.000010295,94004,yes
generated-25,legacy-main-generated,main,1,5,8,1,2,60,optimal_bounded,1,1,30,15,2,14,1280,optimal_bounded,1,60,1393,optimal_bounded,1,11,6,0.000089182,0.000097434,0.000151945,0.000014422,94004,yes
generated-26,legacy-main-generated,main,3,3,4,3,2,288,safe_bounded,,,72,31,1,9,1429,safe_bounded,,288,1898,safe_bounded,,1,0,0.000086648,0.000112196,0.000311071,0.000004767,94004,yes
generated-27,legacy-main-generated,main,3,5,9,2,4,600,optimal_bounded,11,0,200,82,2,186,3574,optimal_bounded,11,600,4753,optimal_bounded,11,12,8,0.000341526,0.000359473,0.000900505,0.000029684,94004,yes
generated-28,legacy-main-generated,main,3,2,3,1,2,96,safe_bounded,,,48,24,1,0,1046,safe_bounded,,96,1331,safe_bounded,,1,0,0.000151525,0.000085697,0.000107249,0.000003896,94004,yes
generated-29,legacy-main-generated,main,2,2,6,2,1,48,optimal_bounded,2,1,16,12,2,4,929,optimal_bounded,2,48,959,optimal_bounded,2,5,2,0.000055071,0.000069554,0.000103353,0.000011306,94004,yes
generated-30,legacy-main-generated,main,3,4,4,1,2,192,optimal_bounded,5,1,96,32,1,64,1771,optimal_bounded,5,192,2262,optimal_bounded,5,10,8,0.000207698,0.000211043,0.000277571,0.000009735,94004,yes
generated-31,legacy-main-generated,main,2,2,2,0,1,16,safe_bounded,,,16,8,1,0,538,safe_bounded,,16,631,safe_bounded,,3,0,0.000039789,0.000042313,0.000045328,0.000005749,94004,yes
generated-32,legacy-main-generated,main,1,2,3,3,1,32,optimal_bounded,0,1,8,6,2,2,583,optimal_bounded,0,32,587,optimal_bounded,0,5,2,0.000044176,0.000045578,0.000075602,0.000010085,94004,yes
generated-33,legacy-main-generated,main,3,3,4,2,3,288,optimal_bounded,2,0,96,56,1,24,1879,optimal_bounded,2,288,2250,optimal_bounded,2,3,1,0.000168760,0.000190042,0.000283240,0.000009434,94004,yes
generated-34,legacy-main-generated,main,3,4,4,0,5,192,safe_bounded,,,192,77,1,29,2983,safe_bounded,,192,4284,safe_bounded,,1,0,0.000184594,0.000276070,0.000223031,0.000003755,94004,yes
generated-35,legacy-main-generated,main,1,4,9,3,5,192,optimal_bounded,6,1,48,44,2,66,1697,optimal_bounded,6,192,1890,optimal_bounded,6,64,10,0.000202411,0.000151114,0.000446062,0.000056434,94004,yes
generated-36,legacy-main-generated,main,1,4,4,3,2,96,safe_bounded,,,24,9,1,4,796,safe_bounded,,96,994,safe_bounded,,3,0,0.000058376,0.000062553,0.000139567,0.000006189,94004,yes
generated-37,legacy-main-generated,main,3,2,7,0,4,80,optimal_bounded,0,0,80,60,1,174,1956,optimal_bounded,0,80,2195,optimal_bounded,0,3,2,0.000260166,0.000224402,0.000176912,0.000010806,94004,yes
generated-38,legacy-main-generated,main,2,5,6,2,1,120,safe_bounded,,,40,11,1,3,1141,safe_bounded,,120,1483,safe_bounded,,1,0,0.000068802,0.000079708,0.000190303,0.000005489,94004,yes
generated-39,legacy-main-generated,main,2,3,6,3,1,96,safe_bounded,,,24,12,1,5,962,safe_bounded,,96,1103,safe_bounded,,4,0,0.000056895,0.000116873,0.000137604,0.000006860,94004,yes
generated-40,legacy-main-generated,main,3,5,13,2,5,720,safe_bounded,,,240,136,2,424,4535,safe_bounded,,720,6370,safe_bounded,,2,0,0.000542645,0.000558659,0.001453395,0.000005989,94132,yes
generated-41,legacy-main-generated,main,2,5,8,0,1,40,safe_bounded,,,40,8,1,0,1285,safe_bounded,,40,1618,safe_bounded,,1,0,0.000074291,0.000152306,0.000096353,0.000004677,94132,yes
generated-42,legacy-main-generated,main,1,2,7,1,2,24,optimal_bounded,0,0,12,12,2,18,970,optimal_bounded,0,24,971,optimal_bounded,0,15,10,0.000074441,0.000073959,0.000110424,0.000020791,94132,yes
generated-43,legacy-main-generated,main,2,2,7,2,2,72,optimal_bounded,4,0,24,20,1,39,1142,optimal_bounded,4,72,1189,optimal_bounded,4,21,14,0.000090193,0.000148280,0.000188259,0.000021261,94132,yes
generated-44,legacy-main-generated,main,3,5,13,2,5,720,safe_bounded,,,240,99,1,61,4329,safe_bounded,,720,6132,safe_bounded,,1,0,0.000437899,0.000391541,0.001130085,0.000004717,94132,yes
generated-45,legacy-main-generated,main,2,4,11,0,1,32,safe_bounded,,,32,11,1,3,1440,safe_bounded,,32,1669,safe_bounded,,3,0,0.000078286,0.000084245,0.000100289,0.000006710,94132,yes
generated-46,legacy-main-generated,main,2,2,2,2,2,72,optimal_bounded,5,0,24,18,1,7,740,optimal_bounded,5,72,797,optimal_bounded,5,5,1,0.000053119,0.000069653,0.000098726,0.000030736,94132,yes
generated-47,legacy-main-generated,main,1,4,10,1,4,80,optimal_bounded,9,0,40,27,2,25,1599,optimal_bounded,9,80,1714,optimal_bounded,9,11,3,0.000122422,0.000121069,0.000247947,0.000019228,94132,yes
generated-48,legacy-main-generated,main,1,4,8,1,2,48,safe_bounded,,,24,11,1,6,1118,safe_bounded,,48,1300,safe_bounded,,1,0,0.000070134,0.000073309,0.000124444,0.000003666,94132,yes
generated-49,legacy-main-generated,main,2,2,5,1,1,32,optimal_bounded,4,0,16,12,1,6,852,optimal_bounded,4,32,883,optimal_bounded,4,3,1,0.000055272,0.000059409,0.000083674,0.000008042,94132,yes
generated-50,legacy-main-generated,main,2,5,10,2,3,240,optimal_bounded,0,0,80,33,1,27,2068,optimal_bounded,0,240,2442,optimal_bounded,0,4,2,0.000155450,0.000167919,0.000398030,0.000011006,94132,yes
generated-51,legacy-main-generated,main,3,3,7,0,3,96,safe_bounded,,,96,32,1,27,1930,safe_bounded,,96,2631,safe_bounded,,8,0,0.000161169,0.000167218,0.000216672,0.000014652,94132,yes
generated-52,legacy-main-generated,main,1,4,11,1,2,48,optimal_bounded,4,0,24,17,1,28,1452,optimal_bounded,4,48,1518,optimal_bounded,4,6,4,0.000103133,0.000097585,0.000201018,0.000011477,94132,yes
generated-53,legacy-main-generated,main,2,3,7,2,3,144,optimal_bounded,6,0,48,30,1,17,1462,optimal_bounded,6,144,1627,optimal_bounded,6,5,1,0.000111094,0.000114339,0.000239916,0.000011377,94132,yes
generated-54,legacy-main-generated,main,2,3,7,1,3,96,safe_bounded,,,48,25,1,17,1370,safe_bounded,,96,1746,safe_bounded,,4,0,0.000115772,0.000102973,0.000163563,0.000008273,94132,yes
generated-55,legacy-main-generated,main,1,2,3,1,2,24,optimal_bounded,0,0,12,9,1,5,638,optimal_bounded,0,24,656,optimal_bounded,0,4,2,0.000044737,0.000049604,0.000066228,0.000009114,94132,yes
generated-56,legacy-main-generated,main,2,2,7,1,3,64,optimal_bounded,5,1,32,29,2,37,1274,optimal_bounded,5,64,1346,optimal_bounded,5,14,5,0.000095291,0.000102021,0.000159987,0.000022744,94132,yes
generated-57,legacy-main-generated,main,2,2,6,2,1,48,optimal_bounded,0,0,16,11,1,16,927,optimal_bounded,0,48,963,optimal_bounded,0,14,11,0.000063904,0.000088021,0.000136703,0.000014942,94132,yes
generated-58,legacy-main-generated,main,1,3,8,1,1,24,safe_bounded,,,12,4,1,0,944,safe_bounded,,24,1029,safe_bounded,,2,0,0.000049684,0.000051006,0.000081761,0.000004887,94132,yes
generated-59,legacy-main-generated,main,1,3,8,2,5,108,optimal_bounded,0,0,36,22,1,31,1364,optimal_bounded,0,108,1485,optimal_bounded,0,32,10,0.000142291,0.000111235,0.000268208,0.000034761,94132,yes
generated-60,legacy-main-generated,main,2,4,6,0,1,32,safe_bounded,,,32,8,1,0,1034,safe_bounded,,32,1287,safe_bounded,,1,0,0.000056424,0.000089763,0.000079648,0.000004076,94132,yes
generated-61,legacy-main-generated,main,1,5,13,1,2,60,safe_bounded,,,30,10,1,6,1581,safe_bounded,,60,1820,safe_bounded,,15,0,0.000090955,0.000093789,0.000180968,0.000014491,94132,yes
generated-62,legacy-main-generated,main,1,3,9,3,5,144,optimal_bounded,4,1,36,35,2,45,1510,optimal_bounded,4,144,1634,optimal_bounded,4,51,8,0.000123443,0.000344891,0.000564267,0.000051296,94132,yes
generated-63,legacy-main-generated,main,2,5,9,1,4,200,safe_bounded,,,100,24,1,16,2103,safe_bounded,,200,2908,safe_bounded,,30,0,0.000203441,0.000226496,0.000373584,0.000038537,94132,yes
generated-64,legacy-main-generated,main,1,5,11,3,1,80,safe_bounded,,,20,6,1,2,1289,safe_bounded,,80,1438,safe_bounded,,1,0,0.000072057,0.000070414,0.000172806,0.000004146,94132,yes
generated-65,legacy-main-generated,main,2,5,9,1,5,240,safe_bounded,,,120,24,1,0,2318,safe_bounded,,240,3323,safe_bounded,,3,0,0.000172405,0.000185665,0.000347275,0.000007051,94132,yes
generated-66,legacy-main-generated,main,2,2,5,0,5,48,optimal_bounded,4,0,48,34,1,44,1315,optimal_bounded,4,48,1460,optimal_bounded,4,14,6,0.000137333,0.000118015,0.000119978,0.000021582,94132,yes
generated-67,legacy-main-generated,main,1,2,5,3,1,32,safe_bounded,,,8,4,1,0,664,safe_bounded,,32,709,safe_bounded,,10,0,0.000037045,0.000080760,0.000082643,0.000008993,94132,yes
generated-68,legacy-main-generated,main,3,5,13,2,1,240,safe_bounded,,,80,27,1,11,2209,safe_bounded,,240,2911,safe_bounded,,1,0,0.000131375,0.000146597,0.000302228,0.000004046,94132,yes
generated-69,legacy-main-generated,main,1,2,3,2,5,72,optimal_bounded,1,0,24,22,1,25,837,optimal_bounded,1,72,874,optimal_bounded,1,7,5,0.000071766,0.000078346,0.000139918,0.000011888,94132,yes
generated-70,legacy-main-generated,main,2,2,7,2,1,48,optimal_bounded,0,1,16,12,2,4,1013,optimal_bounded,0,48,1043,optimal_bounded,0,5,1,0.000056814,0.000065657,0.000105557,0.000009925,94132,yes
generated-71,legacy-main-generated,main,3,4,4,2,3,384,safe_bounded,,,128,32,1,0,2056,safe_bounded,,384,3077,safe_bounded,,2,0,0.000143132,0.000180597,0.000488234,0.000006460,94132,yes
generated-72,legacy-main-generated,main,3,2,7,3,5,384,optimal_bounded,0,1,96,97,2,425,2331,optimal_bounded,0,384,2483,optimal_bounded,0,12,10,0.000386222,0.000325192,0.000957169,0.000016014,94132,yes
generated-73,legacy-main-generated,main,1,4,11,0,2,24,optimal_bounded,4,0,24,16,1,25,1442,optimal_bounded,4,24,1509,optimal_bounded,4,4,1,0.000103884,0.000103924,0.000124805,0.000009655,94132,yes
generated-74,legacy-main-generated,main,2,2,2,1,5,96,safe_bounded,,,48,29,1,5,995,safe_bounded,,96,1295,safe_bounded,,3,0,0.000061771,0.000085526,0.000110423,0.000007541,94132,yes
generated-75,legacy-main-generated,main,3,5,11,1,1,160,safe_bounded,,,80,19,1,3,2011,safe_bounded,,160,2667,safe_bounded,,6,0,0.000120599,0.000137904,0.000262619,0.000011217,94132,yes
generated-76,legacy-main-generated,main,2,4,10,0,3,64,optimal_bounded,3,0,64,40,1,62,1928,optimal_bounded,3,64,2155,optimal_bounded,3,16,8,0.000164784,0.000163252,0.000191143,0.000019148,94132,yes
generated-77,legacy-main-generated,main,2,4,7,0,3,64,optimal_bounded,4,0,64,28,1,33,1632,optimal_bounded,4,64,1919,optimal_bounded,4,6,4,0.000124705,0.000132166,0.000146177,0.000008893,94132,yes
generated-78,legacy-main-generated,main,1,3,5,1,1,24,optimal_bounded,3,1,12,7,1,4,788,optimal_bounded,3,24,816,optimal_bounded,3,7,1,0.000048452,0.000079288,0.000080149,0.000009754,94132,yes
generated-79,legacy-main-generated,main,2,3,5,0,2,36,optimal_bounded,2,0,36,21,1,12,1130,optimal_bounded,2,36,1256,optimal_bounded,2,4,1,0.000075892,0.000087570,0.000091305,0.000009053,94132,yes
generated-80,legacy-main-generated,main,2,4,10,3,5,384,optimal_bounded,3,1,96,52,1,41,2339,optimal_bounded,3,384,2730,optimal_bounded,3,57,6,0.000220577,0.000204283,0.000706858,0.000056103,94132,yes
generated-81,legacy-main-generated,main,2,5,13,1,2,120,optimal_bounded,2,1,60,25,2,29,2047,optimal_bounded,2,120,2336,optimal_bounded,2,7,1,0.000148711,0.000147368,0.000292844,0.000014080,94132,yes
generated-82,legacy-main-generated,main,2,3,7,3,3,192,safe_bounded,,,48,19,1,5,1342,safe_bounded,,192,1700,safe_bounded,,2,0,0.000096313,0.000104084,0.000327396,0.000004747,94132,yes
generated-83,legacy-main-generated,main,2,5,6,1,2,120,safe_bounded,,,60,17,1,6,1394,safe_bounded,,120,1888,safe_bounded,,3,0,0.000094820,0.000107629,0.000208429,0.000006609,94132,yes
generated-84,legacy-main-generated,main,1,4,11,1,3,64,optimal_bounded,0,0,32,18,1,19,1544,optimal_bounded,0,64,1657,optimal_bounded,0,28,5,0.000112607,0.000108080,0.000248208,0.000047961,94132,yes
generated-85,legacy-main-generated,main,3,3,7,1,2,144,optimal_bounded,2,1,72,34,1,10,1740,optimal_bounded,2,144,2053,optimal_bounded,2,2,1,0.000115321,0.000134870,0.000206977,0.000007732,94132,yes
generated-86,legacy-main-generated,main,3,2,4,2,4,240,optimal_bounded,3,1,80,60,1,24,1722,optimal_bounded,3,240,2089,optimal_bounded,3,4,2,0.000163692,0.000151725,0.000244944,0.000013380,94132,yes
generated-87,legacy-main-generated,main,3,3,4,2,1,144,safe_bounded,,,48,17,1,1,1096,safe_bounded,,144,1448,safe_bounded,,3,0,0.000068932,0.000090034,0.000207828,0.000006920,94132,yes
generated-88,legacy-main-generated,main,1,5,10,1,1,40,optimal_bounded,0,1,20,8,2,4,1283,optimal_bounded,0,40,1361,optimal_bounded,0,6,3,0.000069584,0.000138636,0.000123563,0.000011227,94132,yes
generated-89,legacy-main-generated,main,3,2,7,1,3,128,safe_bounded,,,64,52,1,88,1676,safe_bounded,,128,2117,safe_bounded,,4,0,0.000151445,0.000163473,0.000262139,0.000012939,94132,yes
generated-90,legacy-main-generated,main,3,3,3,1,1,96,safe_bounded,,,48,16,1,0,1011,safe_bounded,,96,1360,safe_bounded,,2,0,0.000055402,0.000075923,0.000099668,0.000005989,94132,yes
generated-91,legacy-main-generated,main,3,2,3,3,3,256,optimal_bounded,1,0,64,48,1,20,1403,optimal_bounded,1,256,1590,optimal_bounded,1,3,1,0.000098086,0.000123033,0.000254527,0.000009454,94132,yes
generated-92,legacy-main-generated,main,3,5,13,1,4,400,optimal_bounded,8,1,200,81,1,56,3867,optimal_bounded,8,400,4873,optimal_bounded,8,6,1,0.000344370,0.000369538,0.000600109,0.000016294,94132,yes
generated-93,legacy-main-generated,main,3,5,10,2,1,240,safe_bounded,,,80,22,1,6,1948,safe_bounded,,240,2569,safe_bounded,,5,0,0.000123473,0.000138785,0.000290260,0.000009795,94132,yes
generated-94,legacy-main-generated,main,1,3,9,3,2,72,optimal_bounded,1,1,18,13,1,16,1204,optimal_bounded,1,72,1244,optimal_bounded,1,38,8,0.000089633,0.000082192,0.000215249,0.000028412,94132,yes
generated-95,legacy-main-generated,main,2,3,3,2,4,180,optimal_bounded,6,1,60,30,1,12,1281,optimal_bounded,6,180,1530,optimal_bounded,6,5,1,0.000089343,0.000135500,0.000204003,0.000010345,94132,yes
generated-96,legacy-main-generated,main,2,4,10,2,3,192,optimal_bounded,5,1,64,19,1,5,1818,optimal_bounded,5,192,2150,optimal_bounded,5,5,2,0.000131285,0.000139476,0.000424850,0.000014151,94132,yes
generated-97,legacy-main-generated,main,2,3,9,0,5,72,safe_bounded,,,72,24,1,0,1782,safe_bounded,,72,2307,safe_bounded,,2,0,0.000160168,0.000174609,0.000166867,0.000006449,94132,yes
generated-98,legacy-main-generated,main,3,4,4,2,4,480,safe_bounded,,,160,44,1,4,2467,safe_bounded,,480,3756,safe_bounded,,2,0,0.000180447,0.000245564,0.000521373,0.000006149,94132,yes
generated-99,legacy-main-generated,main,2,5,8,0,2,60,safe_bounded,,,60,22,1,18,1572,safe_bounded,,60,1993,safe_bounded,,1,0,0.000132527,0.000119157,0.000125326,0.000003795,94132,yes
generated-100,legacy-main-generated,main,2,3,6,3,1,96,optimal_bounded,0,0,24,14,2,8,1037,optimal_bounded,0,96,1113,optimal_bounded,0,3,2,0.000063053,0.000072157,0.000139897,0.000010425,94132,yes
generated-101,legacy-main-generated,main,3,3,5,2,1,144,safe_bounded,,,48,16,1,0,1172,safe_bounded,,144,1521,safe_bounded,,10,0,0.000061481,0.000086758,0.000151424,0.000007681,94132,yes
generated-102,legacy-main-generated,main,3,3,7,2,5,432,safe_bounded,,,144,103,2,359,2837,safe_bounded,,432,3692,safe_bounded,,4,0,0.000345572,0.000347936,0.000856540,0.000009454,94132,yes
generated-103,legacy-main-generated,main,3,5,8,1,5,480,safe_bounded,,,240,82,1,37,3855,safe_bounded,,480,5640,safe_bounded,,1,0,0.000318963,0.000351161,0.000647820,0.000004346,94132,yes
generated-104,legacy-main-generated,main,1,2,7,0,1,8,optimal_bounded,2,0,8,6,1,3,894,optimal_bounded,2,8,899,optimal_bounded,2,4,1,0.000059999,0.000055733,0.000068691,0.000009394,94132,yes
generated-105,legacy-main-generated,main,3,4,5,0,5,192,safe_bounded,,,192,48,1,40,2915,safe_bounded,,192,4448,safe_bounded,,2,0,0.000217452,0.000283350,0.000282509,0.000007071,94132,yes
generated-106,legacy-main-generated,main,1,5,13,2,3,120,optimal_bounded,6,1,40,23,1,25,1817,optimal_bounded,6,120,2025,optimal_bounded,6,6,1,0.000134570,0.000189270,0.000325823,0.000011497,94132,yes
generated-107,legacy-main-generated,main,3,3,7,2,3,288,optimal_bounded,2,1,96,50,1,50,2086,optimal_bounded,2,288,2487,optimal_bounded,2,2,1,0.000166918,0.000190412,0.000388616,0.000050885,94132,yes
generated-108,legacy-main-generated,main,3,3,9,0,3,96,optimal_bounded,3,0,96,74,1,98,2361,optimal_bounded,3,96,2642,optimal_bounded,3,7,4,0.000234317,0.000220587,0.000208409,0.000016946,94132,yes
generated-109,legacy-main-generated,main,1,4,11,1,4,80,optimal_bounded,0,1,40,26,1,33,1669,optimal_bounded,0,80,1798,optimal_bounded,0,11,1,0.000133227,0.000130113,0.000251272,0.000015232,94132,yes
generated-110,legacy-main-generated,main,3,5,8,1,2,240,optimal_bounded,2,0,120,30,1,6,2335,optimal_bounded,2,240,3004,optimal_bounded,2,3,1,0.000171375,0.000262589,0.000393784,0.000012178,94132,yes
generated-111,legacy-main-generated,main,2,3,6,3,2,144,optimal_bounded,5,0,36,22,1,12,1203,optimal_bounded,5,144,1324,optimal_bounded,5,3,2,0.000084565,0.000093859,0.000237031,0.000011918,94132,yes
generated-112,legacy-main-generated,main,3,5,9,2,1,240,safe_bounded,,,80,19,1,3,1855,safe_bounded,,240,2500,safe_bounded,,1,0,0.000108321,0.000128320,0.000258243,0.000004947,94132,yes
generated-113,legacy-main-generated,main,3,2,7,1,4,160,optimal_bounded,0,0,80,71,2,137,2013,optimal_bounded,0,160,2194,optimal_bounded,0,2,1,0.000191694,0.000212034,0.000347936,0.000008462,94132,yes
generated-114,legacy-main-generated,main,3,3,3,2,5,432,safe_bounded,,,144,79,1,55,2387,safe_bounded,,432,3533,safe_bounded,,2,0,0.000182240,0.000258203,0.000539379,0.000004758,94132,yes
generated-115,legacy-main-generated,main,1,4,5,2,2,72,optimal_bounded,8,2,24,13,1,13,961,optimal_bounded,8,72,1059,optimal_bounded,8,4,1,0.000107990,0.000078497,0.000141260,0.000008983,94132,yes
generated-116,legacy-main-generated,main,1,4,5,2,4,120,safe_bounded,,,40,18,1,14,1097,safe_bounded,,120,1350,safe_bounded,,3,0,0.000084946,0.000090855,0.000224202,0.000005668,94132,yes
generated-117,legacy-main-generated,main,1,3,4,0,2,18,optimal_bounded,4,0,18,8,1,6,784,optimal_bounded,4,18,849,optimal_bounded,4,3,1,0.000053389,0.000059478,0.000068912,0.000007411,94132,yes
generated-118,legacy-main-generated,main,2,3,3,0,4,60,safe_bounded,,,60,20,1,8,1164,safe_bounded,,60,1601,safe_bounded,,2,0,0.000079107,0.000118415,0.000095321,0.000005368,94132,yes
generated-119,legacy-main-generated,main,1,4,10,1,1,32,safe_bounded,,,16,4,1,0,1149,safe_bounded,,32,1274,safe_bounded,,4,0,0.000054141,0.000060580,0.000105467,0.000006710,94132,yes
generated-120,legacy-main-generated,main,1,3,8,1,5,72,safe_bounded,,,36,22,1,26,1298,safe_bounded,,72,1589,safe_bounded,,10,0,0.000119297,0.000099437,0.000178935,0.000014772,94132,yes
generated-121,legacy-main-generated,main,1,2,6,1,4,40,optimal_bounded,3,0,20,18,1,37,1007,optimal_bounded,3,40,1036,optimal_bounded,3,7,4,0.000120349,0.000089623,0.000154709,0.000013049,94132,yes
generated-122,legacy-main-generated,main,3,3,9,3,2,288,safe_bounded,,,72,34,1,15,1830,safe_bounded,,288,2385,safe_bounded,,1,0,0.000126147,0.000140248,0.000403799,0.000004376,94132,yes
generated-123,legacy-main-generated,main,2,2,2,3,1,64,optimal_bounded,4,1,16,9,1,4,608,optimal_bounded,4,64,654,optimal_bounded,4,6,4,0.000040610,0.000048993,0.000081771,0.000007922,94132,yes
generated-124,legacy-main-generated,main,3,4,4,0,2,96,safe_bounded,,,96,24,1,8,1665,safe_bounded,,96,2430,safe_bounded,,2,0,0.000093649,0.000134169,0.000119777,0.000004147,94132,yes
generated-125,legacy-main-generated,main,1,3,9,3,5,144,optimal_bounded,0,1,36,32,1,64,1489,optimal_bounded,0,144,1560,optimal_bounded,0,379,202,0.000130173,0.000129171,0.000392722,0.000234768,94132,yes
generated-126,legacy-main-generated,main,3,2,6,3,5,384,optimal_bounded,8,1,96,77,1,54,2153,optimal_bounded,8,384,2529,optimal_bounded,8,55,6,0.000208499,0.000200978,0.000526701,0.000079839,94260,yes
generated-127,legacy-main-generated,main,3,2,6,1,4,160,optimal_bounded,0,0,80,72,2,292,1945,optimal_bounded,0,160,2120,optimal_bounded,0,37,34,0.000290260,0.000298263,0.000382597,0.000024586,94260,yes
generated-128,legacy-main-generated,main,2,3,7,3,1,96,safe_bounded,,,24,11,1,10,1037,safe_bounded,,96,1208,safe_bounded,,2,0,0.000062733,0.000092928,0.000153798,0.000004576,94260,yes
generated-129,legacy-main-generated,main,1,4,10,3,1,64,safe_bounded,,,16,5,1,1,1156,safe_bounded,,64,1284,safe_bounded,,8,0,0.000056935,0.000060590,0.000178334,0.000008673,94260,yes
generated-130,legacy-main-generated,main,2,5,12,0,4,100,optimal_bounded,2,0,100,49,1,53,2536,optimal_bounded,2,100,2970,optimal_bounded,2,10,4,0.000222860,0.000219706,0.000250011,0.000016444,94260,yes
generated-131,legacy-main-generated,main,2,4,5,3,3,256,safe_bounded,,,64,16,1,0,1348,safe_bounded,,256,1857,safe_bounded,,1,0,0.000093038,0.000106538,0.000297632,0.000003686,94260,yes
generated-132,legacy-main-generated,main,1,5,11,2,5,180,optimal_bounded,3,2,60,44,1,69,1988,optimal_bounded,3,180,2271,optimal_bounded,3,12,3,0.000176322,0.000168730,0.000465069,0.000019809,94260,yes
generated-133,legacy-main-generated,main,2,5,12,3,1,160,safe_bounded,,,40,10,1,2,1607,safe_bounded,,160,1924,safe_bounded,,2,0,0.000088802,0.000094630,0.000291272,0.000005908,94260,yes
generated-134,legacy-main-generated,main,3,5,8,1,3,320,safe_bounded,,,160,45,1,13,2793,safe_bounded,,320,4173,safe_bounded,,1,0,0.000209621,0.000236440,0.000416427,0.000003906,94260,yes
generated-135,legacy-main-generated,main,3,4,8,3,3,512,safe_bounded,,,128,32,1,0,2365,safe_bounded,,512,3386,safe_bounded,,5,0,0.000156502,0.000208379,0.000531718,0.000011066,94260,yes
generated-136,legacy-main-generated,main,3,5,5,1,5,480,safe_bounded,,,240,58,1,10,3500,safe_bounded,,480,5543,safe_bounded,,3,0,0.000278803,0.000353134,0.000573800,0.000009133,94260,yes
generated-137,legacy-main-generated,main,1,2,5,1,3,32,optimal_bounded,5,0,16,17,2,27,884,optimal_bounded,5,32,911,optimal_bounded,5,4,2,0.000076493,0.000075422,0.000132166,0.000010485,94260,yes
generated-138,legacy-main-generated,main,2,3,6,1,2,72,safe_bounded,,,36,19,1,9,1130,safe_bounded,,72,1346,safe_bounded,,1,0,0.000074370,0.000084816,0.000135050,0.000003896,94260,yes
generated-139,legacy-main-generated,main,3,2,6,0,2,48,safe_bounded,,,48,26,1,14,1293,safe_bounded,,48,1562,safe_bounded,,4,0,0.000085046,0.000101040,0.000108280,0.000008803,94260,yes
generated-140,legacy-main-generated,main,1,2,4,2,2,36,optimal_bounded,0,1,12,10,1,8,720,optimal_bounded,0,36,733,optimal_bounded,0,3,2,0.000047921,0.000052918,0.000083464,0.000008502,94260,yes
generated-141,legacy-main-generated,main,3,2,5,3,5,384,optimal_bounded,1,0,96,98,2,94,2172,optimal_bounded,1,384,2323,optimal_bounded,1,5,4,0.000208129,0.000214187,0.000553440,0.000014642,94260,yes
generated-142,legacy-main-generated,main,1,5,12,2,4,150,safe_bounded,,,50,20,1,10,1767,safe_bounded,,150,2137,safe_bounded,,72,0,0.000136933,0.000133709,0.000426623,0.000060349,94260,yes
generated-143,legacy-main-generated,main,1,3,3,1,5,72,optimal_bounded,1,0,36,17,1,5,950,optimal_bounded,1,72,1096,optimal_bounded,1,3,1,0.000067851,0.000085376,0.001154672,0.000010375,94260,yes
generated-144,legacy-main-generated,main,1,5,12,0,4,50,safe_bounded,,,50,22,1,39,1781,safe_bounded,,50,2102,safe_bounded,,2,0,0.000146417,0.000394775,0.000209440,0.000005378,94260,yes
generated-145,legacy-main-generated,main,3,5,5,0,4,200,safe_bounded,,,200,44,1,20,2991,safe_bounded,,200,4636,safe_bounded,,2,0,0.000210492,0.000467503,0.000257752,0.000005909,94260,yes
generated-146,legacy-main-generated,main,1,3,7,0,1,12,safe_bounded,,,12,4,1,2,867,safe_bounded,,12,952,safe_bounded,,4,0,0.000110644,0.000059218,0.000069974,0.000007021,94260,yes
generated-147,legacy-main-generated,main,2,3,6,0,2,36,safe_bounded,,,36,18,1,30,1126,safe_bounded,,36,1339,safe_bounded,,1,0,0.000082312,0.000124885,0.000097224,0.000007771,94260,yes
generated-148,legacy-main-generated,main,3,5,5,3,3,640,safe_bounded,,,160,38,1,8,2522,safe_bounded,,640,3815,safe_bounded,,3,0,0.000198844,0.000251803,0.001499173,0.000008122,94260,yes
generated-149,legacy-main-generated,main,1,2,4,2,5,72,optimal_bounded,1,1,24,21,1,21,914,optimal_bounded,1,72,956,optimal_bounded,1,11,4,0.000082793,0.000082823,0.000153688,0.000017216,94260,yes
generated-150,legacy-main-generated,main,2,4,7,2,3,192,optimal_bounded,1,1,64,30,1,28,1640,optimal_bounded,1,192,1917,optimal_bounded,1,3,1,0.000146998,0.000141280,0.000280916,0.000008833,94260,yes
generated-151,legacy-main-generated,main,3,5,8,2,5,720,safe_bounded,,,240,93,1,61,3910,safe_bounded,,720,5673,safe_bounded,,1,0,0.000382407,0.000381977,0.001089225,0.000005959,94260,yes
generated-152,legacy-main-generated,main,3,5,7,3,1,320,safe_bounded,,,80,23,2,7,1723,safe_bounded,,320,2367,safe_bounded,,2,0,0.000106018,0.000129352,0.000304882,0.000006450,94260,yes
generated-153,legacy-main-generated,main,1,5,5,3,5,240,safe_bounded,,,60,17,1,5,1314,safe_bounded,,240,1830,safe_bounded,,2,0,0.000097444,0.000108941,0.000415836,0.000006609,94260,yes
generated-154,legacy-main-generated,main,2,3,6,1,1,48,safe_bounded,,,24,10,1,2,948,safe_bounded,,48,1127,safe_bounded,,1,0,0.000055442,0.000063044,0.000093378,0.000003926,94260,yes
generated-155,legacy-main-generated,main,3,4,10,3,3,512,optimal_bounded,7,1,128,66,2,62,2764,optimal_bounded,7,512,3372,optimal_bounded,7,3,1,0.000261407,0.000252434,0.000889339,0.000011297,94260,yes
generated-156,legacy-main-generated,main,2,5,8,2,1,120,safe_bounded,,,40,10,1,2,1298,safe_bounded,,120,1615,safe_bounded,,2,0,0.000079929,0.000088211,0.000207237,0.000004817,94260,yes
generated-157,legacy-main-generated,main,1,5,7,1,3,80,safe_bounded,,,40,11,1,7,1222,safe_bounded,,80,1564,safe_bounded,,6,0,0.000085266,0.000122041,0.000195539,0.000010115,94260,yes
generated-158,legacy-main-generated,main,1,3,3,1,1,24,safe_bounded,,,12,5,1,2,564,safe_bounded,,24,641,safe_bounded,,1,0,0.000038917,0.000042873,0.000058797,0.000003535,94260,yes
generated-159,legacy-main-generated,main,1,5,12,2,3,120,optimal_bounded,1,0,40,19,1,16,1720,optimal_bounded,1,120,1884,optimal_bounded,1,26,2,0.000123243,0.000141920,0.000324931,0.000028603,94260,yes
generated-160,legacy-main-generated,main,3,2,4,2,1,96,safe_bounded,,,32,16,1,0,911,safe_bounded,,96,1100,safe_bounded,,4,0,0.000056754,0.000073248,0.000106878,0.000008573,94260,yes
generated-161,legacy-main-generated,main,3,3,4,1,4,240,optimal_bounded,7,1,120,47,1,9,2103,optimal_bounded,7,240,2719,optimal_bounded,7,5,1,0.000177934,0.000193828,0.000287046,0.000013951,94260,yes
generated-162,legacy-main-generated,main,3,2,7,3,2,192,optimal_bounded,0,0,48,38,1,46,1490,optimal_bounded,0,192,1615,optimal_bounded,0,7,5,0.000119857,0.000200697,0.000315828,0.000020551,94260,yes
generated-163,legacy-main-generated,main,3,5,7,0,3,160,optimal_bounded,4,0,160,41,1,18,2756,optimal_bounded,4,160,3650,optimal_bounded,4,4,2,0.000192545,0.000317581,0.000239575,0.000010636,94260,yes
generated-164,legacy-main-generated,main,3,2,4,0,4,80,optimal_bounded,0,0,80,68,1,78,1762,optimal_bounded,0,80,1961,optimal_bounded,0,3,2,0.000142992,0.000194829,0.000148520,0.000010556,94260,yes
generated-165,legacy-main-generated,main,1,2,7,2,1,24,optimal_bounded,0,0,8,5,1,4,888,optimal_bounded,0,24,898,optimal_bounded,0,11,4,0.000054361,0.000058937,0.000099848,0.000018678,94260,yes
generated-166,legacy-main-generated,main,3,3,7,0,5,144,safe_bounded,,,144,73,1,78,2665,safe_bounded,,144,3518,safe_bounded,,1,0,0.000222169,0.000248829,0.000287076,0.000004687,94260,yes
generated-167,legacy-main-generated,main,1,3,5,0,2,18,optimal_bounded,5,0,18,9,1,4,872,optimal_bounded,5,18,932,optimal_bounded,5,3,1,0.000064446,0.000064105,0.000073169,0.000007801,94260,yes
generated-168,legacy-main-generated,main,3,2,4,3,1,128,optimal_bounded,2,0,32,23,1,7,1007,optimal_bounded,2,128,1095,optimal_bounded,2,2,1,0.000062463,0.000077756,0.000136162,0.000007331,94260,yes
generated-169,legacy-main-generated,main,3,4,6,1,2,192,optimal_bounded,4,0,96,31,1,7,1918,optimal_bounded,4,192,2414,optimal_bounded,4,7,1,0.000127299,0.000158425,0.000234838,0.000014662,94260,yes
generated-170,legacy-main-generated,main,3,4,9,2,1,192,safe_bounded,,,64,17,1,1,1671,safe_bounded,,192,2172,safe_bounded,,3,0,0.000141019,0.000131325,0.000225514,0.000007151,94260,yes
generated-171,legacy-main-generated,main,2,5,6,1,5,240,safe_bounded,,,120,34,1,10,2136,safe_bounded,,240,3171,safe_bounded,,1,0,0.000154009,0.000178575,0.000312863,0.000003876,94260,yes
generated-172,legacy-main-generated,main,1,4,7,2,2,72,optimal_bounded,0,1,24,11,1,7,1103,optimal_bounded,0,72,1195,optimal_bounded,0,4,1,0.000157223,0.000079688,0.000153417,0.000009063,94260,yes
generated-173,legacy-main-generated,main,2,4,9,2,2,144,safe_bounded,,,48,22,1,19,1520,safe_bounded,,144,1887,safe_bounded,,3,0,0.000115391,0.000115732,0.000315388,0.000006560,94260,yes
generated-174,legacy-main-generated,main,2,2,2,0,5,48,safe_bounded,,,48,24,1,5,971,safe_bounded,,48,1256,safe_bounded,,1,0,0.000060940,0.000119747,0.000076694,0.000004146,94260,yes
generated-175,legacy-main-generated,main,1,5,5,0,2,30,safe_bounded,,,30,6,1,4,930,safe_bounded,,30,1179,safe_bounded,,1,0,0.000062963,0.000066398,0.000073228,0.000003846,94260,yes
generated-176,legacy-main-generated,main,1,2,3,2,3,48,optimal_bounded,3,1,16,17,2,13,728,optimal_bounded,3,48,731,optimal_bounded,3,11,5,0.000057184,0.000063865,0.000138165,0.000016024,94260,yes
generated-177,legacy-main-generated,main,2,3,6,3,2,144,safe_bounded,,,36,20,1,16,1138,safe_bounded,,144,1379,safe_bounded,,1,0,0.000079377,0.000086788,0.000279905,0.000004076,94260,yes
generated-178,legacy-main-generated,main,3,2,5,1,5,192,optimal_bounded,0,0,96,73,1,62,2039,optimal_bounded,0,192,2325,optimal_bounded,0,24,9,0.000180077,0.000199696,0.000281297,0.000042974,94260,yes
generated-179,legacy-main-generated,main,1,3,9,3,1,48,optimal_bounded,0,1,12,7,2,3,1104,optimal_bounded,0,48,1131,optimal_bounded,0,7,2,0.000065397,0.000069894,0.000142642,0.000011276,94260,yes
generated-180,legacy-main-generated,main,1,3,8,0,1,12,safe_bounded,,,12,6,1,3,957,safe_bounded,,12,1026,safe_bounded,,5,0,0.000053068,0.000057506,0.000069703,0.000006720,94260,yes
generated-181,legacy-main-generated,main,1,2,4,1,1,16,optimal_bounded,2,1,8,7,2,3,667,optimal_bounded,2,16,666,optimal_bounded,2,7,3,0.000043214,0.000048061,0.000065627,0.000011887,94260,yes
generated-182,legacy-main-generated,main,2,5,8,2,5,360,safe_bounded,,,120,54,1,30,2391,safe_bounded,,360,3321,safe_bounded,,1,0,0.000193297,0.000207778,0.000834277,0.000005058,94260,yes
generated-183,legacy-main-generated,main,1,2,7,2,4,60,optimal_bounded,0,0,20,18,1,41,1086,optimal_bounded,0,60,1115,optimal_bounded,0,9,4,0.000090975,0.000089602,0.000245804,0.000015463,94260,yes
generated-184,legacy-main-generated,main,1,4,7,2,2,72,optimal_bounded,1,1,24,10,1,5,1097,optimal_bounded,1,72,1194,optimal_bounded,1,11,2,0.000073700,0.000076453,0.000199405,0.000015393,94260,yes
generated-185,legacy-main-generated,main,1,2,3,3,4,80,optimal_bounded,3,0,20,14,1,7,754,optimal_bounded,3,80,803,optimal_bounded,3,13,4,0.000056434,0.000062432,0.000132667,0.000016565,94260,yes
generated-186,legacy-main-generated,main,3,4,10,2,2,288,safe_bounded,,,96,35,1,25,2191,safe_bounded,,288,2901,safe_bounded,,1,0,0.000161369,0.000274116,0.000449076,0.000005488,94260,yes
generated-187,legacy-main-generated,main,2,4,6,3,5,384,safe_bounded,,,96,57,1,43,1985,safe_bounded,,384,2607,safe_bounded,,1,0,0.000237332,0.000182961,0.000533802,0.000004297,94260,yes
generated-188,legacy-main-generated,main,2,3,3,2,3,144,safe_bounded,,,48,16,1,0,1013,safe_bounded,,144,1362,safe_bounded,,4,0,0.000066298,0.000090164,0.000180047,0.000007211,94260,yes
generated-189,legacy-main-generated,main,3,5,9,0,2,120,safe_bounded,,,120,38,1,18,2396,safe_bounded,,120,3289,safe_bounded,,2,0,0.000171214,0.000191685,0.000204663,0.000005488,94260,yes
generated-190,legacy-main-generated,main,1,2,4,2,2,36,optimal_bounded,4,1,12,10,1,8,723,optimal_bounded,4,36,736,optimal_bounded,4,18,6,0.000051857,0.000056273,0.000098506,0.000019960,94260,yes
generated-191,legacy-main-generated,main,2,3,9,0,3,48,safe_bounded,,,48,25,1,13,1526,safe_bounded,,48,1803,safe_bounded,,5,0,0.000102552,0.000120368,0.000132987,0.000009053,94260,yes
generated-192,legacy-main-generated,main,2,4,5,1,4,160,safe_bounded,,,80,20,1,0,1543,safe_bounded,,160,2180,safe_bounded,,1,0,0.000103483,0.000122511,0.000229150,0.000003725,94260,yes
generated-193,legacy-main-generated,main,1,5,9,2,5,180,optimal_bounded,2,0,60,32,1,20,1764,optimal_bounded,2,180,2043,optimal_bounded,2,14,1,0.000140418,0.000171825,0.000406793,0.000017386,94260,yes
generated-194,legacy-main-generated,main,3,2,3,1,4,160,safe_bounded,,,80,54,1,25,1553,safe_bounded,,160,1918,safe_bounded,,1,0,0.000107439,0.000155390,0.000225374,0.000004166,94260,yes
generated-195,legacy-main-generated,main,1,5,8,2,2,90,optimal_bounded,5,0,30,16,1,15,1287,optimal_bounded,5,90,1404,optimal_bounded,5,4,1,0.000090995,0.000094010,0.000289950,0.000010024,94260,yes
generated-196,legacy-main-generated,main,1,2,5,1,1,16,optimal_bounded,1,0,8,6,1,4,734,optimal_bounded,1,16,739,optimal_bounded,1,6,3,0.000050745,0.000050225,0.000070845,0.000011347,94260,yes
generated-197,legacy-main-generated,main,1,2,3,1,3,32,optimal_bounded,0,0,16,14,1,9,710,optimal_bounded,0,32,731,optimal_bounded,0,5,3,0.000051076,0.000086608,0.000079177,0.000010135,94260,yes
generated-198,legacy-main-generated,main,3,2,7,0,4,80,optimal_bounded,2,0,80,67,1,346,1995,optimal_bounded,2,80,2199,optimal_bounded,2,1104,744,0.000275779,0.000314256,0.000463337,0.000512430,94260,yes
generated-199,legacy-main-generated,main,3,4,10,2,2,288,safe_bounded,,,96,24,1,0,2133,safe_bounded,,288,2898,safe_bounded,,49,0,0.000171394,0.000174218,0.000590536,0.000036374,94260,yes
generated-200,legacy-main-generated,main,1,2,7,2,1,24,optimal_bounded,4,1,8,5,1,2,886,optimal_bounded,4,24,896,optimal_bounded,4,7,2,0.000053559,0.000054991,0.000095522,0.000034160,94260,yes
generated-201,legacy-main-generated,main,3,2,4,1,1,64,optimal_bounded,4,1,32,20,1,33,995,optimal_bounded,4,64,1106,optimal_bounded,4,19,16,0.000077655,0.000089182,0.000115090,0.000014241,94260,yes
generated-202,legacy-main-generated,main,3,5,12,0,2,120,safe_bounded,,,120,24,1,2,2556,safe_bounded,,120,3561,safe_bounded,,2,0,0.000196812,0.000185795,0.000219555,0.000005378,94260,yes
generated-203,legacy-main-generated,main,1,2,5,0,2,12,safe_bounded,,,12,6,1,6,718,safe_bounded,,12,787,safe_bounded,,3,0,0.000067400,0.000059098,0.000058677,0.000007111,94260,yes
generated-204,legacy-main-generated,main,1,5,8,2,4,150,safe_bounded,,,50,27,1,28,1490,safe_bounded,,150,1958,safe_bounded,,2,0,0.000119267,0.000181119,0.000321797,0.000004707,94260,yes
generated-205,legacy-main-generated,main,2,5,6,0,2,60,optimal_bounded,2,0,60,16,1,24,1453,optimal_bounded,2,60,1772,optimal_bounded,2,10,8,0.000105586,0.000114169,0.000128510,0.000010946,94260,yes
generated-206,legacy-main-generated,main,1,2,4,0,1,8,safe_bounded,,,8,5,1,2,590,safe_bounded,,8,627,safe_bounded,,4,0,0.000034421,0.000039539,0.000049133,0.000005778,94260,yes
generated-207,legacy-main-generated,main,3,3,4,2,3,288,optimal_bounded,0,1,96,41,1,72,1809,optimal_bounded,0,288,2255,optimal_bounded,0,14,8,0.000178625,0.000192786,0.000351831,0.000015583,94260,yes
generated-208,legacy-main-generated,main,3,4,7,2,5,576,safe_bounded,,,192,77,1,29,3217,safe_bounded,,576,4837,safe_bounded,,2,0,0.000235479,0.000279785,0.000773316,0.000006019,94388,yes
generated-209,legacy-main-generated,main,1,2,6,3,3,64,optimal_bounded,1,0,16,14,1,17,941,optimal_bounded,1,64,962,optimal_bounded,1,2,1,0.000067651,0.000070355,0.000153708,0.000006990,94388,yes
generated-210,legacy-main-generated,main,1,5,11,2,5,180,optimal_bounded,5,0,60,55,2,88,2047,optimal_bounded,5,180,2167,optimal_bounded,5,23,13,0.000184092,0.000176021,0.000515894,0.000025248,94388,yes
generated-211,legacy-main-generated,main,3,4,7,3,5,768,safe_bounded,,,192,92,1,57,3293,safe_bounded,,768,4529,safe_bounded,,2,0,0.000250522,0.000316869,0.000927205,0.000005628,94388,yes
generated-212,legacy-main-generated,main,3,5,5,2,2,360,safe_bounded,,,120,26,1,16,2024,safe_bounded,,360,3013,safe_bounded,,2,0,0.000135360,0.000190532,0.000329408,0.000004747,94388,yes
generated-213,legacy-main-generated,main,2,3,4,1,1,48,optimal_bounded,2,1,24,10,1,2,860,optimal_bounded,2,48,957,optimal_bounded,2,2,1,0.000186126,0.000114510,0.000155180,0.000008363,94388,yes
generated-214,legacy-main-generated,main,2,4,8,1,2,96,safe_bounded,,,48,14,1,8,1396,safe_bounded,,96,1761,safe_bounded,,1,0,0.000087660,0.000097895,0.000166597,0.000003996,94388,yes
generated-215,legacy-main-generated,main,3,2,4,0,4,80,optimal_bounded,3,0,80,68,1,60,1761,optimal_bounded,3,80,1960,optimal_bounded,3,3,2,0.000140108,0.000163823,0.000145196,0.000010435,94388,yes
generated-216,legacy-main-generated,main,3,3,4,2,4,360,safe_bounded,,,120,44,1,32,2026,safe_bounded,,360,2915,safe_bounded,,2,0,0.000151114,0.000180037,0.000357229,0.000004817,94388,yes
generated-217,legacy-main-generated,main,1,4,6,1,1,32,optimal_bounded,5,0,16,8,1,5,926,optimal_bounded,5,32,993,optimal_bounded,5,7,2,0.000058617,0.000063475,0.000093418,0.000010165,94388,yes
generated-218,legacy-main-generated,main,1,4,5,3,2,96,optimal_bounded,0,1,24,15,1,10,966,optimal_bounded,0,96,1038,optimal_bounded,0,2,1,0.000061381,0.000076553,0.000171724,0.000006810,94388,yes
generated-219,legacy-main-generated,main,3,4,4,0,5,192,safe_bounded,,,192,48,1,0,2839,safe_bounded,,192,4372,safe_bounded,,1,0,0.000192495,0.000239716,0.000253987,0.000004227,94388,yes
generated-220,legacy-main-generated,main,3,3,4,1,1,96,safe_bounded,,,48,17,1,2,1093,safe_bounded,,96,1434,safe_bounded,,1,0,0.000059829,0.000080500,0.000105306,0.000003755,94388,yes
generated-221,legacy-main-generated,main,2,3,3,0,4,60,safe_bounded,,,60,27,1,19,1204,safe_bounded,,60,1585,safe_bounded,,2,0,0.000087169,0.000105496,0.000100339,0.000004596,94388,yes
generated-222,legacy-main-generated,main,1,2,4,1,2,24,optimal_bounded,2,0,12,8,1,9,712,optimal_bounded,2,24,735,optimal_bounded,2,8,6,0.000053720,0.000076974,0.000083123,0.000013781,94388,yes
generated-223,legacy-main-generated,main,2,4,11,1,1,64,safe_bounded,,,32,13,1,13,1456,safe_bounded,,64,1702,safe_bounded,,2,0,0.000089553,0.000090985,0.000183763,0.000005157,94388,yes
generated-224,legacy-main-generated,main,1,2,5,3,2,48,optimal_bounded,0,0,12,10,1,14,807,optimal_bounded,0,48,820,optimal_bounded,0,18,12,0.000059067,0.000059758,0.000123893,0.000018998,94388,yes
generated-225,legacy-main-generated,main,1,3,8,1,4,60,safe_bounded,,,30,22,2,27,1239,safe_bounded,,60,1400,safe_bounded,,3,0,0.000095361,0.000096052,0.000183242,0.000007381,94388,yes
generated-226,legacy-main-generated,main,1,5,13,2,1,60,safe_bounded,,,20,9,1,7,1468,safe_bounded,,60,1604,safe_bounded,,3,0,0.000072738,0.000076142,0.000159636,0.000006009,94388,yes
generated-227,legacy-main-generated,main,3,5,10,3,3,640,safe_bounded,,,160,41,1,72,2927,safe_bounded,,640,4196,safe_bounded,,4,0,0.000247777,0.000252474,0.000840797,0.000009514,94388,yes
generated-228,legacy-main-generated,main,3,3,4,2,3,288,safe_bounded,,,96,56,2,24,1822,safe_bounded,,288,2524,safe_bounded,,1,0,0.000272324,0.000160297,0.000260456,0.000004016,94388,yes
generated-229,legacy-main-generated,main,1,3,7,0,2,18,safe_bounded,,,18,6,1,14,942,safe_bounded,,18,1071,safe_bounded,,2,0,0.000098216,0.000061451,0.000070254,0.000006219,94388,yes
generated-230,legacy-main-generated,main,2,3,9,2,2,108,optimal_bounded,5,0,36,23,1,28,1446,optimal_bounded,5,108,1570,optimal_bounded,5,8,3,0.000114409,0.000201088,0.000263912,0.000015293,94388,yes
generated-231,legacy-main-generated,main,1,2,5,1,4,40,optimal_bounded,2,1,20,18,2,12,934,optimal_bounded,2,40,959,optimal_bounded,2,35,3,0.000072718,0.000077415,0.000118216,0.000032698,94388,yes
generated-232,legacy-main-generated,main,1,4,7,1,1,32,optimal_bounded,1,0,16,6,1,2,991,optimal_bounded,1,32,1052,optimal_bounded,1,2,1,0.000060489,0.000066328,0.000094630,0.000006840,94388,yes
generated-233,legacy-main-generated,main,3,3,4,0,1,48,safe_bounded,,,48,16,1,7,1089,safe_bounded,,48,1438,safe_bounded,,2,0,0.000068852,0.000086458,0.000084736,0.000006520,94388,yes
generated-234,legacy-main-generated,main,2,4,4,0,5,96,safe_bounded,,,96,24,1,0,1663,safe_bounded,,96,2428,safe_bounded,,1,0,0.000117945,0.000143583,0.000137574,0.000004377,94388,yes
generated-235,legacy-main-generated,main,3,4,4,0,2,96,safe_bounded,,,96,24,1,2,1662,safe_bounded,,96,2427,safe_bounded,,1,0,0.000102522,0.000132366,0.000132086,0.000005659,94388,yes
generated-236,legacy-main-generated,main,2,4,9,2,2,144,safe_bounded,,,48,22,2,16,1521,safe_bounded,,144,1897,safe_bounded,,2,0,0.000114169,0.000114861,0.000267827,0.000005038,94388,yes
generated-237,legacy-main-generated,main,1,5,8,1,1,40,safe_bounded,,,20,7,1,3,1059,safe_bounded,,40,1233,safe_bounded,,1,0,0.000082212,0.000064045,0.000102242,0.000003695,94388,yes
generated-238,legacy-main-generated,main,1,4,10,0,4,40,optimal_bounded,4,0,40,22,1,32,1569,optimal_bounded,4,40,1718,optimal_bounded,4,6,3,0.000121680,0.000148761,0.000185546,0.000012349,94388,yes
generated-239,legacy-main-generated,main,1,2,7,3,4,80,optimal_bounded,3,0,20,18,1,46,1084,optimal_bounded,3,80,1113,optimal_bounded,3,649,338,0.000096033,0.000090404,0.000254677,0.000415476,94388,yes
generated-240,legacy-main-generated,main,1,2,4,0,4,20,safe_bounded,,,20,10,1,0,749,safe_bounded,,20,866,safe_bounded,,1,0,0.000053549,0.000058717,0.000066068,0.000004326,94388,yes
generated-241,legacy-main-generated,main,2,2,7,3,4,160,optimal_bounded,2,1,40,39,2,116,1414,optimal_bounded,2,160,1475,optimal_bounded,2,147,120,0.000170973,0.000151986,0.000396208,0.000094029,94388,yes
generated-242,legacy-main-generated,main,1,4,11,0,1,16,optimal_bounded,5,0,16,7,1,6,1309,optimal_bounded,5,16,1365,optimal_bounded,5,3,1,0.000076113,0.000074250,0.000094119,0.000008252,94388,yes
generated-243,legacy-main-generated,main,2,4,4,3,4,320,safe_bounded,,,80,20,1,0,1472,safe_bounded,,320,2109,safe_bounded,,9,0,0.000099137,0.000123753,0.000384991,0.000010866,94388,yes
generated-244,legacy-main-generated,main,2,5,12,1,4,200,optimal_bounded,0,1,100,42,1,56,2500,optimal_bounded,0,200,2969,optimal_bounded,0,4,1,0.000255599,0.000219695,0.000401636,0.000010736,94388,yes
generated-245,legacy-main-generated,main,2,3,6,3,3,192,optimal_bounded,4,0,48,30,1,42,1381,optimal_bounded,4,192,1546,optimal_bounded,4,141,31,0.000125827,0.000124915,0.000333965,0.000127178,94388,yes
generated-246,legacy-main-generated,main,3,2,5,3,1,128,optimal_bounded,3,0,32,21,1,5,1078,optimal_bounded,3,128,1176,optimal_bounded,3,22,1,0.000073469,0.000086098,0.000193237,0.000046519,94388,yes
generated-247,legacy-main-generated,main,2,5,5,2,2,180,safe_bounded,,,60,12,1,0,1292,safe_bounded,,180,1793,safe_bounded,,2,0,0.000111876,0.000098336,0.000214388,0.000004677,94388,yes
generated-248,legacy-main-generated,main,3,5,12,2,3,480,safe_bounded,,,160,53,1,71,3146,safe_bounded,,480,4484,safe_bounded,,4,0,0.000268578,0.000282549,0.000774529,0.000010105,94388,yes
generated-249,legacy-main-generated,main,3,4,8,1,1,128,optimal_bounded,0,0,64,24,1,24,1687,optimal_bounded,0,128,1994,optimal_bounded,0,12,10,0.000107830,0.000123804,0.000203942,0.000014942,94388,yes
generated-250,legacy-main-generated,main,2,5,7,1,5,240,safe_bounded,,,120,24,1,0,2161,safe_bounded,,240,3166,safe_bounded,,2,0,0.000158886,0.000205385,0.000355597,0.000006639,94388,yes
generated-251,legacy-main-generated,main,3,5,11,3,3,640,optimal_bounded,1,0,160,56,1,24,3141,optimal_bounded,1,640,3960,optimal_bounded,1,5,1,0.000243961,0.000288998,0.000787898,0.000013660,94388,yes
generated-252,legacy-main-generated,main,3,2,4,3,3,256,optimal_bounded,0,0,64,55,1,39,1520,optimal_bounded,0,256,1672,optimal_bounded,0,5,2,0.000156372,0.000139407,0.000357590,0.000013810,94388,yes
generated-253,legacy-main-generated,main,2,5,7,1,1,80,safe_bounded,,,40,8,1,0,1206,safe_bounded,,80,1539,safe_bounded,,1,0,0.000066448,0.000120168,0.000122021,0.000003746,94388,yes
generated-254,legacy-main-generated,main,3,4,8,0,1,64,safe_bounded,,,64,16,1,0,1586,safe_bounded,,64,2095,safe_bounded,,4,0,0.000095471,0.000109453,0.000115441,0.000007942,94388,yes
generated-255,legacy-main-generated,main,2,2,7,3,4,160,optimal_bounded,0,1,40,44,2,67,1439,optimal_bounded,0,160,1470,optimal_bounded,0,44,29,0.000126728,0.000139077,0.000315028,0.000053199,94388,yes
generated-256,legacy-main-generated,main,2,5,11,1,2,120,safe_bounded,,,60,25,1,16,1825,safe_bounded,,120,2365,safe_bounded,,10,0,0.000122381,0.000134409,0.000220868,0.000013550,94388,yes
generated-257,legacy-main-generated,main,2,4,5,1,1,64,optimal_bounded,2,0,32,10,1,5,1035,optimal_bounded,2,64,1188,optimal_bounded,2,9,5,0.000068141,0.000081411,0.000142882,0.000012769,94388,yes
generated-258,legacy-main-generated,main,1,2,6,0,5,24,optimal_bounded,2,0,24,17,1,38,1045,optimal_bounded,2,24,1107,optimal_bounded,2,95,31,0.000085096,0.000084786,0.000117915,0.000109092,94388,yes
generated-259,legacy-main-generated,main,3,2,2,1,4,160,optimal_bounded,0,0,80,56,1,16,1545,optimal_bounded,0,160,1804,optimal_bounded,0,2,1,0.000095982,0.000132837,0.000146897,0.000007691,94388,yes
generated-260,legacy-main-generated,main,1,3,6,1,1,24,optimal_bounded,0,0,12,7,1,4,864,optimal_bounded,0,24,892,optimal_bounded,0,3,1,0.000057735,0.000064606,0.000084886,0.000007842,94388,yes
generated-261,legacy-main-generated,main,1,5,7,1,2,60,optimal_bounded,4,1,30,12,1,8,1178,optimal_bounded,4,60,1307,optimal_bounded,4,5,2,0.000077445,0.000089963,0.000140349,0.000010545,94388,yes
generated-262,legacy-main-generated,main,3,4,10,0,2,96,safe_bounded,,,96,24,1,52,2131,safe_bounded,,96,2896,safe_bounded,,1,0,0.000149943,0.000166456,0.000166437,0.000004036,94388,yes
generated-263,legacy-main-generated,main,2,5,11,0,1,40,safe_bounded,,,40,8,1,1,1520,safe_bounded,,40,1853,safe_bounded,,2,0,0.000077856,0.000086889,0.000106698,0.000005958,94388,yes
generated-264,legacy-main-generated,main,3,4,7,2,2,288,safe_bounded,,,96,24,1,0,1899,safe_bounded,,288,2664,safe_bounded,,11,0,0.000130925,0.000152756,0.000397800,0.000011047,94388,yes
generated-265,legacy-main-generated,main,2,5,10,1,2,120,safe_bounded,,,60,21,2,15,1725,safe_bounded,,120,2208,safe_bounded,,2,0,0.000123673,0.000123814,0.000221859,0.000006319,94388,yes
generated-266,legacy-main-generated,main,3,2,7,3,5,384,optimal_bounded,1,1,96,105,2,113,2375,optimal_bounded,1,384,2480,optimal_bounded,1,18,9,0.000241338,0.000233606,0.000595533,0.000035052,94388,yes
generated-267,legacy-main-generated,main,1,3,6,2,2,54,optimal_bounded,4,1,18,9,1,4,946,optimal_bounded,4,54,1006,optimal_bounded,4,15,2,0.000064416,0.000069923,0.000178965,0.000016464,94388,yes
generated-268,legacy-main-generated,main,1,4,10,0,2,24,optimal_bounded,3,0,24,14,1,14,1354,optimal_bounded,3,24,1431,optimal_bounded,3,5,2,0.000084996,0.000088571,0.000109142,0.000011367,94388,yes
generated-269,legacy-main-generated,main,1,2,2,2,2,36,optimal_bounded,3,0,12,8,1,2,560,optimal_bounded,3,36,583,optimal_bounded,3,5,1,0.000041472,0.000047220,0.000070925,0.000035543,94388,yes
generated-270,legacy-main-generated,main,2,3,9,3,1,96,safe_bounded,,,24,13,1,15,1204,safe_bounded,,96,1392,safe_bounded,,11,0,0.000069593,0.000075552,0.000188129,0.000009154,94388,yes
generated-271,legacy-main-generated,main,3,5,10,3,4,800,safe_bounded,,,200,61,1,25,3471,safe_bounded,,800,5046,safe_bounded,,62,0,0.000315788,0.000313314,0.001423200,0.000038377,94516,yes
generated-272,legacy-main-generated,main,2,5,6,0,3,80,safe_bounded,,,80,22,1,9,1638,safe_bounded,,80,2259,safe_bounded,,1,0,0.000185575,0.000197152,0.000148720,0.000004207,94516,yes
generated-273,legacy-main-generated,main,3,3,8,2,3,288,safe_bounded,,,96,53,1,30,2122,safe_bounded,,288,2886,safe_bounded,,1,0,0.000185024,0.000222891,0.000502546,0.000004146,94516,yes
generated-274,legacy-main-generated,main,2,3,5,2,5,216,safe_bounded,,,72,33,1,12,1520,safe_bounded,,216,1973,safe_bounded,,7,0,0.000171855,0.000131134,0.000282829,0.000010436,94516,yes
generated-275,legacy-main-generated,main,3,2,7,2,3,192,optimal_bounded,0,0,64,53,2,43,1745,optimal_bounded,0,192,1905,optimal_bounded,0,13,4,0.000165405,0.000154329,0.000283610,0.000027320,94516,yes
generated-276,legacy-main-generated,main,1,4,7,0,4,40,optimal_bounded,1,0,40,18,1,34,1318,optimal_bounded,1,40,1487,optimal_bounded,1,6,4,0.000102943,0.000107980,0.000122302,0.000010816,94516,yes
generated-277,legacy-main-generated,main,1,2,3,3,4,80,safe_bounded,,,20,14,1,10,689,safe_bounded,,80,774,safe_bounded,,1,0,0.000049142,0.000061631,0.000128240,0.000003715,94516,yes
generated-278,legacy-main-generated,main,2,4,8,0,5,96,optimal_bounded,4,0,96,44,1,52,2139,optimal_bounded,4,96,2570,optimal_bounded,4,5,2,0.000179326,0.000264341,0.000194849,0.000010946,94516,yes
generated-279,legacy-main-generated,main,2,5,5,0,4,100,safe_bounded,,,100,28,1,8,1812,safe_bounded,,100,2585,safe_bounded,,2,0,0.000123012,0.000153648,0.000178886,0.000005048,94516,yes
generated-280,legacy-main-generated,main,2,4,5,0,2,48,safe_bounded,,,48,14,1,4,1162,safe_bounded,,48,1527,safe_bounded,,1,0,0.000072838,0.000090034,0.000091165,0.000003405,94516,yes
generated-281,legacy-main-generated,main,2,2,4,3,5,192,optimal_bounded,4,1,48,43,1,91,1287,optimal_bounded,4,192,1387,optimal_bounded,4,415,184,0.000133769,0.000161850,0.000361446,0.000281527,94516,yes
generated-282,legacy-main-generated,main,3,2,5,0,5,96,safe_bounded,,,96,58,1,33,1902,safe_bounded,,96,2395,safe_bounded,,2,0,0.000135632,0.000165035,0.000148890,0.000005257,94516,yes
generated-283,legacy-main-generated,main,1,2,6,2,3,48,optimal_bounded,1,0,16,14,1,15,941,optimal_bounded,1,48,962,optimal_bounded,1,14,7,0.000067980,0.000070314,0.000129963,0.000019820,94516,yes
generated-284,legacy-main-generated,main,2,2,4,2,3,96,optimal_bounded,5,0,32,22,1,12,1005,optimal_bounded,5,96,1098,optimal_bounded,5,7,1,0.000078046,0.000107469,0.000159566,0.000013400,94516,yes
generated-285,legacy-main-generated,main,2,4,11,2,1,96,safe_bounded,,,32,15,1,19,1460,safe_bounded,,96,1679,safe_bounded,,2,0,0.000091166,0.000092557,0.000239806,0.000006630,94516,yes
generated-286,legacy-main-generated,main,1,5,10,1,2,60,safe_bounded,,,30,9,1,4,1335,safe_bounded,,60,1593,safe_bounded,,3,0,0.000083264,0.000083604,0.000236130,0.000007071,94516,yes
generated-287,legacy-main-generated,main,2,2,4,2,1,48,optimal_bounded,4,1,16,13,2,9,784,optimal_bounded,4,48,809,optimal_bounded,4,8,6,0.000088681,0.000065407,0.000094009,0.000011908,94516,yes
generated-288,legacy-main-generated,main,2,4,11,2,4,240,optimal_bounded,6,2,80,32,1,13,2145,optimal_bounded,6,240,2604,optimal_bounded,6,13,1,0.000164704,0.000232635,0.000438420,0.000021502,94516,yes
generated-289,legacy-main-generated,main,3,4,6,2,5,576,safe_bounded,,,192,119,1,255,3354,safe_bounded,,576,4363,safe_bounded,,1,0,0.000393363,0.000399883,0.000813246,0.000004517,94516,yes
generated-290,legacy-main-generated,main,2,4,4,0,1,32,optimal_bounded,2,0,32,9,1,1,950,optimal_bounded,2,32,1108,optimal_bounded,2,3,1,0.000197863,0.000077094,0.000079418,0.000008052,94516,yes
generated-291,legacy-main-generated,main,3,5,13,3,1,320,safe_bounded,,,80,20,1,4,2181,safe_bounded,,320,2818,safe_bounded,,2,0,0.000136923,0.000157103,0.000452521,0.000006840,94516,yes
generated-292,legacy-main-generated,main,2,3,4,2,5,216,optimal_bounded,3,0,72,34,1,10,1507,optimal_bounded,3,216,1820,optimal_bounded,3,3,1,0.000106038,0.000130934,0.000244622,0.000008353,94516,yes
generated-293,legacy-main-generated,main,2,5,6,3,5,480,safe_bounded,,,120,39,1,55,2167,safe_bounded,,480,3052,safe_bounded,,1,0,0.000212005,0.000202400,0.000724915,0.000004527,94516,yes
generated-294,legacy-main-generated,main,1,3,6,1,1,24,safe_bounded,,,12,4,1,0,789,safe_bounded,,24,874,safe_bounded,,4,0,0.000044666,0.000048051,0.000074561,0.000006730,94516,yes
generated-295,legacy-main-generated,main,3,4,11,1,3,256,optimal_bounded,4,0,128,71,1,44,2860,optimal_bounded,4,256,3492,optimal_bounded,4,4,2,0.000227548,0.000239315,0.000430408,0.000010736,94516,yes
generated-296,legacy-main-generated,main,2,2,4,0,2,24,safe_bounded,,,24,12,1,6,803,safe_bounded,,24,944,safe_bounded,,14,0,0.000057706,0.000064586,0.000069614,0.000015884,94516,yes
generated-297,legacy-main-generated,main,3,4,10,1,1,128,safe_bounded,,,64,22,1,6,1770,safe_bounded,,128,2242,safe_bounded,,2,0,0.000115491,0.000123513,0.000204664,0.000006310,94516,yes
generated-298,legacy-main-generated,main,3,3,8,3,4,480,safe_bounded,,,120,72,2,264,2478,safe_bounded,,480,3227,safe_bounded,,1,0,0.000312854,0.000287106,0.000893004,0.000004246,94516,yes
generated-299,legacy-main-generated,main,3,4,7,1,1,128,safe_bounded,,,64,16,1,0,1507,safe_bounded,,128,2016,safe_bounded,,3,0,0.000125065,0.000132987,0.000171634,0.000006880,94516,yes
family-g0-h0-a0-b0,legacy-finite-family,family,1,4,5,0,0,8,safe_bounded,,,8,2,1,0,648,safe_bounded,,8,709,safe_bounded,,1,0,0.000032068,0.000036374,0.000045127,0.000004166,95028,yes
family-g0-h0-a0-b1,legacy-finite-family,family,1,4,5,0,0,8,safe_bounded,,,8,2,1,0,648,safe_bounded,,8,709,safe_bounded,,1,0,0.000025929,0.000033239,0.000039178,0.000003054,95028,yes
family-g0-h0-a0-b2,legacy-finite-family,family,1,4,5,0,0,8,safe_bounded,,,8,2,1,0,648,safe_bounded,,8,709,safe_bounded,,1,0,0.000028502,0.000034571,0.000039999,0.000003265,95028,yes
family-g0-h0-a0-b3,legacy-finite-family,family,1,4,5,0,0,8,safe_bounded,,,8,2,1,0,648,safe_bounded,,8,709,safe_bounded,,1,0,0.000030195,0.000039037,0.000042112,0.000003095,95028,yes
family-g0-h0-a1-b0,legacy-finite-family,family,1,4,5,0,0,8,safe_bounded,,,8,2,1,0,648,safe_bounded,,8,709,safe_bounded,,1,0,0.000028392,0.000034801,0.000080550,0.000003294,95028,yes
family-g0-h0-a1-b1,legacy-finite-family,family,1,4,5,0,0,8,safe_bounded,,,8,2,1,0,648,safe_bounded,,8,709,safe_bounded,,1,0,0.000049314,0.000033609,0.000039369,0.000003014,95028,yes
family-g0-h0-a1-b2,legacy-finite-family,family,1,4,5,0,0,8,safe_bounded,,,8,2,1,0,648,safe_bounded,,8,709,safe_bounded,,1,0,0.000024306,0.000031306,0.000037816,0.000002904,95028,yes
family-g0-h0-a1-b3,legacy-finite-family,family,1,4,5,0,0,8,safe_bounded,,,8,2,1,0,648,safe_bounded,,8,709,safe_bounded,,1,0,0.000022994,0.000030505,0.000036664,0.000002814,95028,yes
family-g0-h0-a2-b0,legacy-finite-family,family,1,4,5,0,0,8,safe_bounded,,,8,2,1,0,648,safe_bounded,,8,709,safe_bounded,,1,0,0.000076203,0.000033680,0.000040109,0.000002875,95028,yes
family-g0-h0-a2-b1,legacy-finite-family,family,1,4,5,0,0,8,safe_bounded,,,8,2,1,0,648,safe_bounded,,8,709,safe_bounded,,1,0,0.000024186,0.000031377,0.000036804,0.000002905,95028,yes
family-g0-h0-a2-b2,legacy-finite-family,family,1,4,5,0,0,8,safe_bounded,,,8,2,1,0,648,safe_bounded,,8,709,safe_bounded,,1,0,0.000024766,0.000031697,0.000037636,0.000002894,95028,yes
family-g0-h0-a2-b3,legacy-finite-family,family,1,4,5,0,0,8,safe_bounded,,,8,2,1,0,648,safe_bounded,,8,709,safe_bounded,,1,0,0.000034100,0.000033690,0.000039309,0.000003195,95028,yes
family-g0-h0-a3-b0,legacy-finite-family,family,1,4,5,0,0,8,safe_bounded,,,8,2,1,0,648,safe_bounded,,8,709,safe_bounded,,1,0,0.000027711,0.000033710,0.000039238,0.000002984,95028,yes
family-g0-h0-a3-b1,legacy-finite-family,family,1,4,5,0,0,8,safe_bounded,,,8,2,1,0,648,safe_bounded,,8,709,safe_bounded,,1,0,0.000026750,0.000035372,0.000038938,0.000002884,95028,yes
family-g0-h0-a3-b2,legacy-finite-family,family,1,4,5,0,0,8,safe_bounded,,,8,2,1,0,648,safe_bounded,,8,709,safe_bounded,,1,0,0.000024256,0.000032017,0.000037826,0.000002914,95028,yes
family-g0-h0-a3-b3,legacy-finite-family,family,1,4,5,0,0,8,safe_bounded,,,8,2,1,0,648,safe_bounded,,8,709,safe_bounded,,1,0,0.000025818,0.000033940,0.000037195,0.000003035,95028,yes
family-g0-h1-a0-b0,legacy-finite-family,family,1,4,5,0,1,16,optimal_bounded,9,0,16,6,1,4,819,optimal_bounded,9,16,880,optimal_bounded,9,3,1,0.000056214,0.000057325,0.000070294,0.000008012,95028,yes
family-g0-h1-a0-b1,legacy-finite-family,family,1,4,5,0,1,16,optimal_bounded,9,0,16,6,1,4,819,optimal_bounded,9,16,880,optimal_bounded,9,3,1,0.000049694,0.000054151,0.000064485,0.000007531,95028,yes
family-g0-h1-a0-b2,legacy-finite-family,family,1,4,5,0,1,16,optimal_bounded,9,0,16,6,1,4,819,optimal_bounded,9,16,880,optimal_bounded,9,3,1,0.000056314,0.000055953,0.000066278,0.000007652,95028,yes
family-g0-h1-a0-b3,legacy-finite-family,family,1,4,5,0,1,16,optimal_bounded,9,0,16,6,1,4,819,optimal_bounded,9,16,880,optimal_bounded,9,3,1,0.000052348,0.000054331,0.000063294,0.000006980,95028,yes
family-g0-h1-a1-b0,legacy-finite-family,family,1,4,5,0,1,16,optimal_bounded,9,0,16,6,1,4,819,optimal_bounded,9,16,880,optimal_bounded,9,3,1,0.000053750,0.000058697,0.000064645,0.000007591,95028,yes
family-g0-h1-a1-b1,legacy-finite-family,family,1,4,5,0,1,16,optimal_bounded,9,0,16,6,1,4,819,optimal_bounded,9,16,880,optimal_bounded,9,3,1,0.000049233,0.000053990,0.000062352,0.000006970,95028,yes
family-g0-h1-a1-b2,legacy-finite-family,family,1,4,5,0,1,16,optimal_bounded,9,0,16,6,1,4,819,optimal_bounded,9,16,880,optimal_bounded,9,3,1,0.000053950,0.000056173,0.000064375,0.000007320,95028,yes
family-g0-h1-a1-b3,legacy-finite-family,family,1,4,5,0,1,16,optimal_bounded,9,0,16,6,1,4,819,optimal_bounded,9,16,880,optimal_bounded,9,3,1,0.000051347,0.000061291,0.000063784,0.000008202,95028,yes
family-g0-h1-a2-b0,legacy-finite-family,family,1,4,5,0,1,16,optimal_bounded,9,0,16,6,1,4,819,optimal_bounded,9,16,880,optimal_bounded,9,3,1,0.000053459,0.000055393,0.000064586,0.000007141,95028,yes
family-g0-h1-a2-b1,legacy-finite-family,family,1,4,5,0,1,16,optimal_bounded,9,0,16,6,1,4,819,optimal_bounded,9,16,880,optimal_bounded,9,3,1,0.000051937,0.000054050,0.000061931,0.000007321,95028,yes
family-g0-h1-a2-b2,legacy-finite-family,family,1,4,5,0,1,16,optimal_bounded,9,0,16,6,1,4,819,optimal_bounded,9,16,880,optimal_bounded,9,3,1,0.000051026,0.000057405,0.000063524,0.000007240,95028,yes
family-g0-h1-a2-b3,legacy-finite-family,family,1,4,5,0,1,16,optimal_bounded,9,0,16,6,1,4,819,optimal_bounded,9,16,880,optimal_bounded,9,3,1,0.000049573,0.000056164,0.000062533,0.000007251,95028,yes
family-g0-h1-a3-b0,legacy-finite-family,family,1,4,5,0,1,16,optimal_bounded,9,0,16,6,1,4,819,optimal_bounded,9,16,880,optimal_bounded,9,3,1,0.000051777,0.000053970,0.000062313,0.000007160,95028,yes
family-g0-h1-a3-b1,legacy-finite-family,family,1,4,5,0,1,16,optimal_bounded,9,0,16,6,1,4,819,optimal_bounded,9,16,880,optimal_bounded,9,3,1,0.000049003,0.000052738,0.000061691,0.000006680,95028,yes
family-g0-h1-a3-b2,legacy-finite-family,family,1,4,5,0,1,16,optimal_bounded,9,0,16,6,1,4,819,optimal_bounded,9,16,880,optimal_bounded,9,3,1,0.000085727,0.000058076,0.000064085,0.000007220,95028,yes
family-g0-h1-a3-b3,legacy-finite-family,family,1,4,5,0,1,16,optimal_bounded,9,0,16,6,1,4,819,optimal_bounded,9,16,880,optimal_bounded,9,3,1,0.000047951,0.000054401,0.000060449,0.000007572,95028,yes
family-g0-h2-a0-b0,legacy-finite-family,family,1,4,5,0,2,24,optimal_bounded,9,0,24,10,1,8,927,optimal_bounded,9,24,1024,optimal_bounded,9,3,1,0.000070355,0.000067891,0.000079347,0.000007901,95028,yes
family-g0-h2-a0-b1,legacy-finite-family,family,1,4,5,0,2,24,optimal_bounded,9,0,24,10,1,8,927,optimal_bounded,9,24,1024,optimal_bounded,9,3,1,0.000062262,0.000065877,0.000073660,0.000007361,95028,yes
family-g0-h2-a0-b2,legacy-finite-family,family,1,4,5,0,2,24,optimal_bounded,9,0,24,10,1,8,927,optimal_bounded,9,24,1024,optimal_bounded,9,3,1,0.000067970,0.000071406,0.000079007,0.000007501,95028,yes
family-g0-h2-a0-b3,legacy-finite-family,family,1,4,5,0,2,24,optimal_bounded,9,0,24,10,1,8,927,optimal_bounded,9,24,1024,optimal_bounded,9,3,1,0.000062513,0.000065978,0.000074631,0.000007561,95028,yes
family-g0-h2-a1-b0,legacy-finite-family,family,1,4,5,0,2,24,optimal_bounded,9,0,24,10,1,8,927,optimal_bounded,9,24,1024,optimal_bounded,9,3,1,0.000065777,0.000066739,0.000076643,0.000007571,95028,yes
family-g0-h2-a1-b1,legacy-finite-family,family,1,4,5,0,2,24,optimal_bounded,9,0,24,10,1,8,927,optimal_bounded,9,24,1024,optimal_bounded,9,3,1,0.000066950,0.000068351,0.000077805,0.000074370,95028,yes
family-g0-h2-a1-b2,legacy-finite-family,family,1,4,5,0,2,24,optimal_bounded,9,0,24,10,1,8,927,optimal_bounded,9,24,1024,optimal_bounded,9,3,1,0.000064255,0.000066729,0.000077125,0.000007531,95028,yes
family-g0-h2-a1-b3,legacy-finite-family,family,1,4,5,0,2,24,optimal_bounded,9,0,24,10,1,8,927,optimal_bounded,9,24,1024,optimal_bounded,9,3,1,0.000069062,0.000136802,0.000077996,0.000008082,95028,yes
family-g0-h2-a2-b0,legacy-finite-family,family,1,4,5,0,2,24,optimal_bounded,9,0,24,10,1,8,927,optimal_bounded,9,24,1024,optimal_bounded,9,3,1,0.000065307,0.000067991,0.000078617,0.000007762,95028,yes
family-g0-h2-a2-b1,legacy-finite-family,family,1,4,5,0,2,24,optimal_bounded,9,0,24,10,1,8,927,optimal_bounded,9,24,1024,optimal_bounded,9,3,1,0.000061641,0.000074511,0.000079578,0.000008102,95028,yes
family-g0-h2-a2-b2,legacy-finite-family,family,1,4,5,0,2,24,optimal_bounded,9,0,24,10,1,8,927,optimal_bounded,9,24,1024,optimal_bounded,9,3,1,0.000067220,0.000068752,0.000079558,0.000007821,95028,yes
family-g0-h2-a2-b3,legacy-finite-family,family,1,4,5,0,2,24,optimal_bounded,9,0,24,10,1,8,927,optimal_bounded,9,24,1024,optimal_bounded,9,3,1,0.000063794,0.000067991,0.000077204,0.000007781,95028,yes
family-g0-h2-a3-b0,legacy-finite-family,family,1,4,5,0,2,24,optimal_bounded,9,0,24,10,1,8,927,optimal_bounded,9,24,1024,optimal_bounded,9,3,1,0.000065377,0.000066429,0.000076824,0.000007651,95028,yes
family-g0-h2-a3-b1,legacy-finite-family,family,1,4,5,0,2,24,optimal_bounded,9,0,24,10,1,8,927,optimal_bounded,9,24,1024,optimal_bounded,9,3,1,0.000062482,0.000066068,0.000075412,0.000007320,95028,yes
family-g0-h2-a3-b2,legacy-finite-family,family,1,4,5,0,2,24,optimal_bounded,9,0,24,10,1,8,927,optimal_bounded,9,24,1024,optimal_bounded,9,3,1,0.000066679,0.000072337,0.000080350,0.000007561,95028,yes
family-g0-h2-a3-b3,legacy-finite-family,family,1,4,5,0,2,24,optimal_bounded,9,0,24,10,1,8,927,optimal_bounded,9,24,1024,optimal_bounded,9,3,1,0.000073920,0.000072257,0.000079098,0.000007702,95028,yes
family-g0-h3-a0-b0,legacy-finite-family,family,1,4,5,0,3,32,optimal_bounded,9,0,32,14,1,12,1035,optimal_bounded,9,32,1168,optimal_bounded,9,3,1,0.000077956,0.000082192,0.000131695,0.000008312,95028,yes
family-g0-h3-a0-b1,legacy-finite-family,family,1,4,5,0,3,32,optimal_bounded,9,0,32,14,1,12,1035,optimal_bounded,9,32,1168,optimal_bounded,9,3,1,0.000077896,0.000086999,0.000101961,0.000008342,95028,yes
family-g0-h3-a0-b2,legacy-finite-family,family,1,4,5,0,3,32,optimal_bounded,9,0,32,14,1,12,1035,optimal_bounded,9,32,1168,optimal_bounded,9,3,1,0.000207517,0.000084905,0.000093098,0.000008032,95028,yes
family-g0-h3-a0-b3,legacy-finite-family,family,1,4,5,0,3,32,optimal_bounded,9,0,32,14,1,12,1035,optimal_bounded,9,32,1168,optimal_bounded,9,3,1,0.000079388,0.000080910,0.000128079,0.000007791,95028,yes
family-g0-h3-a1-b0,legacy-finite-family,family,1,4,5,0,3,32,optimal_bounded,9,0,32,14,1,12,1035,optimal_bounded,9,32,1168,optimal_bounded,9,3,1,0.000078757,0.000082172,0.000118325,0.000008363,95028,yes
family-g0-h3-a1-b1,legacy-finite-family,family,1,4,5,0,3,32,optimal_bounded,9,0,32,14,1,12,1035,optimal_bounded,9,32,1168,optimal_bounded,9,3,1,0.000079939,0.000089162,0.000093689,0.000008202,95028,yes
family-g0-h3-a1-b2,legacy-finite-family,family,1,4,5,0,3,32,optimal_bounded,9,0,32,14,1,12,1035,optimal_bounded,9,32,1168,optimal_bounded,9,3,1,0.000077294,0.000081090,0.000127519,0.000008072,95028,yes
family-g0-h3-a1-b3,legacy-finite-family,family,1,4,5,0,3,32,optimal_bounded,9,0,32,14,1,12,1035,optimal_bounded,9,32,1168,optimal_bounded,9,3,1,0.000078116,0.000079678,0.000087890,0.000007401,95028,yes
family-g0-h3-a2-b0,legacy-finite-family,family,1,4,5,0,3,32,optimal_bounded,9,0,32,14,1,12,1035,optimal_bounded,9,32,1168,optimal_bounded,9,3,1,0.000076103,0.000103213,0.000089162,0.000007541,95028,yes
family-g0-h3-a2-b1,legacy-finite-family,family,1,4,5,0,3,32,optimal_bounded,9,0,32,14,1,12,1035,optimal_bounded,9,32,1168,optimal_bounded,9,3,1,0.000080349,0.000086768,0.000091556,0.000008032,95028,yes
family-g0-h3-a2-b2,legacy-finite-family,family,1,4,5,0,3,32,optimal_bounded,9,0,32,14,1,12,1035,optimal_bounded,9,32,1168,optimal_bounded,9,3,1,0.000080169,0.000080619,0.000089453,0.000007872,95028,yes
family-g0-h3-a2-b3,legacy-finite-family,family,1,4,5,0,3,32,optimal_bounded,9,0,32,14,1,12,1035,optimal_bounded,9,32,1168,optimal_bounded,9,3,1,0.000074240,0.000132436,0.000091335,0.000007751,95028,yes
family-g0-h3-a3-b0,legacy-finite-family,family,1,4,5,0,3,32,optimal_bounded,9,0,32,14,1,12,1035,optimal_bounded,9,32,1168,optimal_bounded,9,3,1,0.000076964,0.000079418,0.000089152,0.000007612,95028,yes
family-g0-h3-a3-b1,legacy-finite-family,family,1,4,5,0,3,32,optimal_bounded,9,0,32,14,1,12,1035,optimal_bounded,9,32,1168,optimal_bounded,9,3,1,0.000074651,0.000079899,0.000109242,0.000007531,95028,yes
family-g0-h3-a3-b2,legacy-finite-family,family,1,4,5,0,3,32,optimal_bounded,9,0,32,14,1,12,1035,optimal_bounded,9,32,1168,optimal_bounded,9,3,1,0.000078276,0.000079478,0.000089593,0.000007311,95028,yes
family-g0-h3-a3-b3,legacy-finite-family,family,1,4,5,0,3,32,optimal_bounded,9,0,32,14,1,12,1035,optimal_bounded,9,32,1168,optimal_bounded,9,3,1,0.000077104,0.000083423,0.000089192,0.000007681,95028,yes
family-g0-h4-a0-b0,legacy-finite-family,family,1,4,5,0,4,40,optimal_bounded,9,0,40,18,1,16,1143,optimal_bounded,9,40,1312,optimal_bounded,9,3,1,0.000091105,0.000093449,0.000102842,0.000007871,95028,yes
family-g0-h4-a0-b1,legacy-finite-family,family,1,4,5,0,4,40,optimal_bounded,9,0,40,18,1,16,1143,optimal_bounded,9,40,1312,optimal_bounded,9,3,1,0.000091676,0.000094830,0.000103254,0.000007651,95028,yes
family-g0-h4-a0-b2,legacy-finite-family,family,1,4,5,0,4,40,optimal_bounded,9,0,40,18,1,16,1143,optimal_bounded,9,40,1312,optimal_bounded,9,3,1,0.000091065,0.000117914,0.000103984,0.000007791,95028,yes
family-g0-h4-a0-b3,legacy-finite-family,family,1,4,5,0,4,40,optimal_bounded,9,0,40,18,1,16,1143,optimal_bounded,9,40,1312,optimal_bounded,9,3,1,0.000089853,0.000093889,0.000100238,0.000007762,95028,yes
family-g0-h4-a1-b0,legacy-finite-family,family,1,4,5,0,4,40,optimal_bounded,9,0,40,18,1,16,1143,optimal_bounded,9,40,1312,optimal_bounded,9,3,1,0.000110624,0.000093789,0.000099677,0.000007521,95028,yes
family-g0-h4-a1-b1,legacy-finite-family,family,1,4,5,0,4,40,optimal_bounded,9,0,40,18,1,16,1143,optimal_bounded,9,40,1312,optimal_bounded,9,3,1,0.000091135,0.000093358,0.000102071,0.000034581,95028,yes
family-g0-h4-a1-b2,legacy-finite-family,family,1,4,5,0,4,40,optimal_bounded,9,0,40,18,1,16,1143,optimal_bounded,9,40,1312,optimal_bounded,9,3,1,0.000088962,0.000092257,0.000101180,0.000007561,95028,yes
family-g0-h4-a1-b3,legacy-finite-family,family,1,4,5,0,4,40,optimal_bounded,9,0,40,18,1,16,1143,optimal_bounded,9,40,1312,optimal_bounded,9,3,1,0.000091356,0.000116813,0.000102102,0.000007642,95028,yes
family-g0-h4-a2-b0,legacy-finite-family,family,1,4,5,0,4,40,optimal_bounded,9,0,40,18,1,16,1143,optimal_bounded,9,40,1312,optimal_bounded,9,3,1,0.000091606,0.000126599,0.000104194,0.000008142,95028,yes
family-g0-h4-a2-b1,legacy-finite-family,family,1,4,5,0,4,40,optimal_bounded,9,0,40,18,1,16,1143,optimal_bounded,9,40,1312,optimal_bounded,9,3,1,0.000088621,0.000093488,0.000100569,0.000007762,95028,yes
family-g0-h4-a2-b2,legacy-finite-family,family,1,4,5,0,4,40,optimal_bounded,9,0,40,18,1,16,1143,optimal_bounded,9,40,1312,optimal_bounded,9,3,1,0.000087340,0.000116363,0.000100319,0.000007521,95028,yes
family-g0-h4-a2-b3,legacy-finite-family,family,1,4,5,0,4,40,optimal_bounded,9,0,40,18,1,16,1143,optimal_bounded,9,40,1312,optimal_bounded,9,3,1,0.000090254,0.000092898,0.000101000,0.000007521,95028,yes
family-g0-h4-a3-b0,legacy-finite-family,family,1,4,5,0,4,40,optimal_bounded,9,0,40,18,1,16,1143,optimal_bounded,9,40,1312,optimal_bounded,9,3,1,0.000090074,0.000091836,0.000101080,0.000007531,95028,yes
family-g0-h4-a3-b1,legacy-finite-family,family,1,4,5,0,4,40,optimal_bounded,9,0,40,18,1,16,1143,optimal_bounded,9,40,1312,optimal_bounded,9,3,1,0.000085326,0.000090905,0.000098316,0.000007441,95028,yes
family-g0-h4-a3-b2,legacy-finite-family,family,1,4,5,0,4,40,optimal_bounded,9,0,40,18,1,16,1143,optimal_bounded,9,40,1312,optimal_bounded,9,3,1,0.000087670,0.000091456,0.000100189,0.000007691,95028,yes
family-g0-h4-a3-b3,legacy-finite-family,family,1,4,5,0,4,40,optimal_bounded,9,0,40,18,1,16,1143,optimal_bounded,9,40,1312,optimal_bounded,9,3,1,0.000138825,0.000122461,0.000101911,0.000007922,95028,yes
family-g1-h0-a0-b0,legacy-finite-family,family,1,4,5,1,0,16,safe_bounded,,,8,2,1,0,648,safe_bounded,,16,709,safe_bounded,,1,0,0.000029013,0.000035342,0.000044957,0.000003365,95028,yes
family-g1-h0-a0-b1,legacy-finite-family,family,1,4,5,1,0,16,safe_bounded,,,8,2,1,0,648,safe_bounded,,16,709,safe_bounded,,1,0,0.000027771,0.000034001,0.000065767,0.000003165,95028,yes
family-g1-h0-a0-b2,legacy-finite-family,family,1,4,5,1,0,16,safe_bounded,,,8,2,1,0,648,safe_bounded,,16,709,safe_bounded,,1,0,0.000026810,0.000041902,0.000046268,0.000003115,95028,yes
family-g1-h0-a0-b3,legacy-finite-family,family,1,4,5,1,0,16,safe_bounded,,,8,2,1,0,648,safe_bounded,,16,709,safe_bounded,,1,0,0.000027010,0.000039859,0.000113839,0.000003986,95028,yes
family-g1-h0-a1-b0,legacy-finite-family,family,1,4,5,1,0,16,safe_bounded,,,8,2,1,0,648,safe_bounded,,16,709,safe_bounded,,1,0,0.000026029,0.000032618,0.000044126,0.000003065,95028,yes
family-g1-h0-a1-b1,legacy-finite-family,family,1,4,5,1,0,16,safe_bounded,,,8,2,1,0,648,safe_bounded,,16,709,safe_bounded,,1,0,0.000025147,0.000031436,0.000041762,0.000002744,95028,yes
family-g1-h0-a1-b2,legacy-finite-family,family,1,4,5,1,0,16,safe_bounded,,,8,2,1,0,648,safe_bounded,,16,709,safe_bounded,,1,0,0.000026299,0.000035403,0.000044576,0.000003024,95028,yes
family-g1-h0-a1-b3,legacy-finite-family,family,1,4,5,1,0,16,safe_bounded,,,8,2,1,0,648,safe_bounded,,16,709,safe_bounded,,1,0,0.000026920,0.000032428,0.000041622,0.000002955,95028,yes
family-g1-h0-a2-b0,legacy-finite-family,family,1,4,5,1,0,16,safe_bounded,,,8,2,1,0,648,safe_bounded,,16,709,safe_bounded,,1,0,0.000029203,0.000034100,0.000043444,0.000002994,95028,yes
family-g1-h0-a2-b1,legacy-finite-family,family,1,4,5,1,0,16,safe_bounded,,,8,2,1,0,648,safe_bounded,,16,709,safe_bounded,,1,0,0.000026960,0.000031557,0.000042373,0.000002874,95028,yes
family-g1-h0-a2-b2,legacy-finite-family,family,1,4,5,1,0,16,safe_bounded,,,8,2,1,0,648,safe_bounded,,16,709,safe_bounded,,1,0,0.000024867,0.000035433,0.000043985,0.000003044,95028,yes
family-g1-h0-a2-b3,legacy-finite-family,family,1,4,5,1,0,16,safe_bounded,,,8,2,1,0,648,safe_bounded,,16,709,safe_bounded,,1,0,0.000024447,0.000031386,0.000064356,0.000003054,95028,yes
family-g1-h0-a3-b0,legacy-finite-family,family,1,4,5,1,0,16,safe_bounded,,,8,2,1,0,648,safe_bounded,,16,709,safe_bounded,,1,0,0.000026579,0.000032038,0.000042803,0.000002914,95028,yes
family-g1-h0-a3-b1,legacy-finite-family,family,1,4,5,1,0,16,safe_bounded,,,8,2,1,0,648,safe_bounded,,16,709,safe_bounded,,1,0,0.000025998,0.000031637,0.000041040,0.000003496,95028,yes
family-g1-h0-a3-b2,legacy-finite-family,family,1,4,5,1,0,16,safe_bounded,,,8,2,1,0,648,safe_bounded,,16,709,safe_bounded,,1,0,0.000032088,0.000036545,0.000046929,0.000003425,95028,yes
family-g1-h0-a3-b3,legacy-finite-family,family,1,4,5,1,0,16,safe_bounded,,,8,2,1,0,648,safe_bounded,,16,709,safe_bounded,,1,0,0.000029273,0.000039008,0.000046179,0.000003004,95028,yes
family-g1-h1-a0-b0,legacy-finite-family,family,1,4,5,1,1,32,optimal_bounded,9,0,16,8,1,4,829,optimal_bounded,9,32,896,optimal_bounded,9,4,1,0.000056043,0.000059538,0.000088220,0.000008542,95028,yes
family-g1-h1-a0-b1,legacy-finite-family,family,1,4,5,1,1,32,optimal_bounded,9,0,16,8,1,4,829,optimal_bounded,9,32,896,optimal_bounded,9,4,1,0.000054340,0.000059668,0.000083424,0.000008172,95028,yes
family-g1-h1-a0-b2,legacy-finite-family,family,1,4,5,1,1,32,optimal_bounded,9,0,16,8,1,4,829,optimal_bounded,9,32,896,optimal_bounded,9,4,1,0.000053570,0.000056323,0.000081521,0.000007641,95028,yes
family-g1-h1-a0-b3,legacy-finite-family,family,1,4,5,1,1,32,optimal_bounded,9,0,16,8,1,4,829,optimal_bounded,9,32,896,optimal_bounded,9,4,1,0.000054841,0.000127079,0.000085417,0.000008222,95028,yes
family-g1-h1-a1-b0,legacy-finite-family,family,1,4,5,1,1,32,optimal_bounded,9,0,16,8,1,4,829,optimal_bounded,9,32,896,optimal_bounded,9,4,1,0.000053009,0.000057275,0.000082532,0.000007742,95028,yes
family-g1-h1-a1-b1,legacy-finite-family,family,1,4,5,1,1,32,optimal_bounded,9,0,16,8,1,4,829,optimal_bounded,9,32,896,optimal_bounded,9,4,1,0.000065567,0.000058076,0.000081751,0.000008072,95028,yes
family-g1-h1-a1-b2,legacy-finite-family,family,1,4,5,1,1,32,optimal_bounded,9,0,16,8,1,4,829,optimal_bounded,9,32,896,optimal_bounded,9,4,1,0.000055572,0.000058457,0.000084926,0.000008322,95028,yes
family-g1-h1-a1-b3,legacy-finite-family,family,1,4,5,1,1,32,optimal_bounded,9,0,16,8,1,4,829,optimal_bounded,9,32,896,optimal_bounded,9,4,1,0.000055782,0.000057675,0.000082132,0.000007751,95028,yes
family-g1-h1-a2-b0,legacy-finite-family,family,1,4,5,1,1,32,optimal_bounded,9,0,16,8,1,4,829,optimal_bounded,9,32,896,optimal_bounded,9,4,1,0.000050755,0.000062283,0.000082092,0.000008803,95028,yes
family-g1-h1-a2-b1,legacy-finite-family,family,1,4,5,1,1,32,optimal_bounded,9,0,16,8,1,4,829,optimal_bounded,9,32,896,optimal_bounded,9,4,1,0.000052618,0.000055653,0.000081781,0.000007651,95028,yes
family-g1-h1-a2-b2,legacy-finite-family,family,1,4,5,1,1,32,optimal_bounded,9,0,16,8,1,4,829,optimal_bounded,9,32,896,optimal_bounded,9,4,1,0.000051697,0.000054451,0.000080379,0.000007311,95028,yes
family-g1-h1-a2-b3,legacy-finite-family,family,1,4,5,1,1,32,optimal_bounded,9,0,16,8,1,4,829,optimal_bounded,9,32,896,optimal_bounded,9,4,1,0.000053119,0.000055502,0.000080790,0.000007672,95028,yes
family-g1-h1-a3-b0,legacy-finite-family,family,1,4,5,1,1,32,optimal_bounded,9,0,16,8,1,4,829,optimal_bounded,9,32,896,optimal_bounded,9,4,1,0.000050105,0.000055022,0.000081871,0.000007341,95028,yes
family-g1-h1-a3-b1,legacy-finite-family,family,1,4,5,1,1,32,optimal_bounded,9,0,16,8,1,4,829,optimal_bounded,9,32,896,optimal_bounded,9,4,1,0.000057024,0.000057475,0.000081911,0.000007772,95028,yes
family-g1-h1-a3-b2,legacy-finite-family,family,1,4,5,1,1,32,optimal_bounded,9,0,16,8,1,4,829,optimal_bounded,9,32,896,optimal_bounded,9,4,1,0.000051757,0.000055383,0.000080739,0.000007451,95028,yes
family-g1-h1-a3-b3,legacy-finite-family,family,1,4,5,1,1,32,optimal_bounded,9,0,16,8,1,4,829,optimal_bounded,9,32,896,optimal_bounded,9,4,1,0.000054241,0.000058427,0.000080860,0.000007992,95028,yes
family-g1-h2-a0-b0,legacy-finite-family,family,1,4,5,1,2,48,optimal_bounded,0,1,24,16,2,12,963,optimal_bounded,0,48,1028,optimal_bounded,0,5,2,0.000098326,0.000075632,0.000139738,0.000010776,95028,yes
family-g1-h2-a0-b1,legacy-finite-family,family,1,4,5,1,2,48,optimal_bounded,1,1,24,16,2,12,963,optimal_bounded,1,48,1028,optimal_bounded,1,5,2,0.000069624,0.000074511,0.000110173,0.000010305,95028,yes
family-g1-h2-a0-b2,legacy-finite-family,family,1,4,5,1,2,48,optimal_bounded,2,1,24,16,2,12,963,optimal_bounded,2,48,1028,optimal_bounded,2,5,2,0.000071696,0.000098977,0.000110133,0.000010265,95028,yes
family-g1-h2-a0-b3,legacy-finite-family,family,1,4,5,1,2,48,optimal_bounded,3,1,24,16,2,12,963,optimal_bounded,3,48,1028,optimal_bounded,3,5,2,0.000070614,0.000074471,0.000108211,0.000010115,95028,yes
family-g1-h2-a1-b0,legacy-finite-family,family,1,4,5,1,2,48,optimal_bounded,1,1,24,16,2,12,963,optimal_bounded,1,48,1060,optimal_bounded,1,5,2,0.000094310,0.000073499,0.000110343,0.000009654,95028,yes
family-g1-h2-a1-b1,legacy-finite-family,family,1,4,5,1,2,48,optimal_bounded,2,1,24,16,2,12,963,optimal_bounded,2,48,1060,optimal_bounded,2,5,2,0.000067750,0.000074331,0.000110223,0.000009875,95028,yes
family-g1-h2-a1-b2,legacy-finite-family,family,1,4,5,1,2,48,optimal_bounded,3,1,24,16,2,12,963,optimal_bounded,3,48,1060,optimal_bounded,3,5,2,0.000070875,0.000077174,0.000111685,0.000010426,95028,yes
family-g1-h2-a1-b3,legacy-finite-family,family,1,4,5,1,2,48,optimal_bounded,4,1,24,16,2,12,963,optimal_bounded,4,48,1060,optimal_bounded,4,5,2,0.000109121,0.000074781,0.000133408,0.000010004,95028,yes
family-g1-h2-a2-b0,legacy-finite-family,family,1,4,5,1,2,48,optimal_bounded,2,1,24,16,2,12,963,optimal_bounded,2,48,1060,optimal_bounded,2,5,2,0.000067490,0.000073079,0.000108340,0.000009894,95028,yes
family-g1-h2-a2-b1,legacy-finite-family,family,1,4,5,1,2,48,optimal_bounded,3,1,24,16,2,12,963,optimal_bounded,3,48,1060,optimal_bounded,3,5,2,0.000069072,0.000099037,0.000110534,0.000009905,95028,yes
family-g1-h2-a2-b2,legacy-finite-family,family,1,4,5,1,2,48,optimal_bounded,4,1,24,16,2,12,963,optimal_bounded,4,48,1060,optimal_bounded,4,5,2,0.000071836,0.000075402,0.000110264,0.000010265,95028,yes
family-g1-h2-a2-b3,legacy-finite-family,family,1,4,5,1,2,48,optimal_bounded,5,1,24,16,2,12,963,optimal_bounded,5,48,1060,optimal_bounded,5,5,2,0.000074771,0.000076834,0.000110113,0.000010265,95028,yes
family-g1-h2-a3-b0,legacy-finite-family,family,1,4,5,1,2,48,optimal_bounded,3,1,24,16,2,12,963,optimal_bounded,3,48,1060,optimal_bounded,3,5,2,0.000070174,0.000073309,0.000110463,0.000010886,95028,yes
family-g1-h2-a3-b1,legacy-finite-family,family,1,4,5,1,2,48,optimal_bounded,4,1,24,16,2,12,963,optimal_bounded,4,48,1060,optimal_bounded,4,5,2,0.000071897,0.000074801,0.000109872,0.000010326,95028,yes
family-g1-h2-a3-b2,legacy-finite-family,family,1,4,5,1,2,48,optimal_bounded,5,1,24,16,2,12,963,optimal_bounded,5,48,1060,optimal_bounded,5,5,2,0.000073880,0.000081792,0.000111595,0.000010125,95028,yes
family-g1-h2-a3-b3,legacy-finite-family,family,1,4,5,1,2,48,optimal_bounded,6,1,24,16,2,12,963,optimal_bounded,6,48,1060,optimal_bounded,6,5,2,0.000069403,0.000078036,0.000110454,0.000010275,95028,yes
family-g1-h3-a0-b0,legacy-finite-family,family,1,4,5,1,3,64,optimal_bounded,0,1,32,24,2,20,1093,optimal_bounded,0,64,1172,optimal_bounded,0,5,2,0.000087570,0.000089283,0.000223491,0.000011257,95028,yes
family-g1-h3-a0-b1,legacy-finite-family,family,1,4,5,1,3,64,optimal_bounded,1,1,32,24,2,20,1093,optimal_bounded,1,64,1172,optimal_bounded,1,5,2,0.000085697,0.000129843,0.000142651,0.000010095,95028,yes
family-g1-h3-a0-b2,legacy-finite-family,family,1,4,5,1,3,64,optimal_bounded,2,1,32,24,2,20,1093,optimal_bounded,2,64,1172,optimal_bounded,2,5,2,0.000083474,0.000089323,0.000133798,0.000010195,95028,yes
family-g1-h3-a0-b3,legacy-finite-family,family,1,4,5,1,3,64,optimal_bounded,3,1,32,24,2,20,1093,optimal_bounded,3,64,1172,optimal_bounded,3,5,2,0.000084305,0.000171103,0.000137935,0.000010556,95028,yes
family-g1-h3-a1-b0,legacy-finite-family,family,1,4,5,1,3,64,optimal_bounded,1,1,32,24,2,20,1093,optimal_bounded,1,64,1220,optimal_bounded,1,5,2,0.000098045,0.000093899,0.000141921,0.000070885,95028,yes
family-g1-h3-a1-b1,legacy-finite-family,family,1,4,5,1,3,64,optimal_bounded,2,1,32,24,2,20,1093,optimal_bounded,2,64,1220,optimal_bounded,2,5,2,0.000121120,0.000093889,0.000136943,0.000010596,95028,yes
family-g1-h3-a1-b2,legacy-finite-family,family,1,4,5,1,3,64,optimal_bounded,3,1,32,24,2,20,1093,optimal_bounded,3,64,1220,optimal_bounded,3,5,2,0.000086728,0.000090955,0.000157474,0.000010576,95028,yes
family-g1-h3-a1-b3,legacy-finite-family,family,1,4,5,1,3,64,optimal_bounded,4,1,32,24,2,20,1093,optimal_bounded,4,64,1220,optimal_bounded,4,5,2,0.000087650,0.000091756,0.000135741,0.000010285,95028,yes
family-g1-h3-a2-b0,legacy-finite-family,family,1,4,5,1,3,64,optimal_bounded,2,1,32,24,2,20,1093,optimal_bounded,2,64,1220,optimal_bounded,2,5,2,0.000111836,0.000089913,0.000134479,0.000009905,95028,yes
family-g1-h3-a2-b1,legacy-finite-family,family,1,4,5,1,3,64,optimal_bounded,3,1,32,24,2,20,1093,optimal_bounded,3,64,1220,optimal_bounded,3,5,2,0.000083484,0.000095201,0.000158305,0.000010506,95028,yes
family-g1-h3-a2-b2,legacy-finite-family,family,1,4,5,1,3,64,optimal_bounded,4,1,32,24,2,20,1093,optimal_bounded,4,64,1220,optimal_bounded,4,5,2,0.000085167,0.000089462,0.000133958,0.000010285,95028,yes
family-g1-h3-a2-b3,legacy-finite-family,family,1,4,5,1,3,64,optimal_bounded,5,1,32,24,2,20,1093,optimal_bounded,5,64,1220,optimal_bounded,5,5,2,0.000083684,0.000091075,0.000131686,0.000010015,95028,yes
family-g1-h3-a3-b0,legacy-finite-family,family,1,4,5,1,3,64,optimal_bounded,3,1,32,24,2,20,1093,optimal_bounded,3,64,1220,optimal_bounded,3,5,2,0.000085637,0.000088481,0.000133178,0.000013911,95028,yes
family-g1-h3-a3-b1,legacy-finite-family,family,1,4,5,1,3,64,optimal_bounded,4,1,32,24,2,20,1093,optimal_bounded,4,64,1220,optimal_bounded,4,5,2,0.000088622,0.000095792,0.000138154,0.000010796,95028,yes
family-g1-h3-a3-b2,legacy-finite-family,family,1,4,5,1,3,64,optimal_bounded,5,1,32,24,2,20,1093,optimal_bounded,5,64,1220,optimal_bounded,5,5,2,0.000111195,0.000092678,0.000135591,0.000010586,95028,yes
family-g1-h3-a3-b3,legacy-finite-family,family,1,4,5,1,3,64,optimal_bounded,6,1,32,24,2,20,1093,optimal_bounded,6,64,1220,optimal_bounded,6,5,2,0.000083193,0.000093068,0.000159066,0.000010406,95028,yes
family-g1-h4-a0-b0,legacy-finite-family,family,1,4,5,1,4,80,optimal_bounded,0,1,40,32,2,28,1223,optimal_bounded,0,80,1316,optimal_bounded,0,5,2,0.000098055,0.000108220,0.000160528,0.000010065,95028,yes
family-g1-h4-a0-b1,legacy-finite-family,family,1,4,5,1,4,80,optimal_bounded,1,1,40,32,2,28,1223,optimal_bounded,1,80,1316,optimal_bounded,1,5,2,0.000118966,0.000109873,0.000159757,0.000010135,95028,yes
family-g1-h4-a0-b2,legacy-finite-family,family,1,4,5,1,4,80,optimal_bounded,2,1,40,32,2,28,1223,optimal_bounded,2,80,1316,optimal_bounded,2,5,2,0.000098335,0.000293746,0.000170122,0.000011087,95028,yes
family-g1-h4-a0-b3,legacy-finite-family,family,1,4,5,1,4,80,optimal_bounded,3,1,40,32,2,28,1223,optimal_bounded,3,80,1316,optimal_bounded,3,5,2,0.000130784,0.000114239,0.000162151,0.000010976,95028,yes
family-g1-h4-a1-b0,legacy-finite-family,family,1,4,5,1,4,80,optimal_bounded,1,1,40,32,2,28,1223,optimal_bounded,1,80,1380,optimal_bounded,1,5,2,0.000140949,0.000132156,0.000165696,0.000010676,95028,yes
family-g1-h4-a1-b1,legacy-finite-family,family,1,4,5,1,4,80,optimal_bounded,2,1,40,32,2,28,1223,optimal_bounded,2,80,1380,optimal_bounded,2,5,2,0.000102623,0.000108521,0.000187037,0.000010736,95028,yes
family-g1-h4-a1-b2,legacy-finite-family,family,1,4,5,1,4,80,optimal_bounded,3,1,40,32,2,28,1223,optimal_bounded,3,80,1380,optimal_bounded,3,5,2,0.000101090,0.000105837,0.000243091,0.000011227,95028,yes
family-g1-h4-a1-b3,legacy-finite-family,family,1,4,5,1,4,80,optimal_bounded,4,1,40,32,2,28,1223,optimal_bounded,4,80,1380,optimal_bounded,4,5,2,0.000100379,0.000106758,0.000233085,0.000011196,95028,yes
family-g1-h4-a2-b0,legacy-finite-family,family,1,4,5,1,4,80,optimal_bounded,2,1,40,32,2,28,1223,optimal_bounded,2,80,1380,optimal_bounded,2,5,2,0.000138826,0.000108501,0.000160488,0.000011006,95028,yes
family-g1-h4-a2-b1,legacy-finite-family,family,1,4,5,1,4,80,optimal_bounded,3,1,40,32,2,28,1223,optimal_bounded,3,80,1380,optimal_bounded,3,5,2,0.000126758,0.000132376,0.000165485,0.000010726,95028,yes
family-g1-h4-a2-b2,legacy-finite-family,family,1,4,5,1,4,80,optimal_bounded,4,1,40,32,2,28,1223,optimal_bounded,4,80,1380,optimal_bounded,4,5,2,0.000099227,0.000105096,0.000160007,0.000010175,95028,yes
family-g1-h4-a2-b3,legacy-finite-family,family,1,4,5,1,4,80,optimal_bounded,5,1,40,32,2,28,1223,optimal_bounded,5,80,1380,optimal_bounded,5,5,2,0.000101069,0.000105707,0.000159587,0.000009914,95028,yes
family-g1-h4-a3-b0,legacy-finite-family,family,1,4,5,1,4,80,optimal_bounded,3,1,40,32,2,28,1223,optimal_bounded,3,80,1380,optimal_bounded,3,5,2,0.000095461,0.000136853,0.000163141,0.000010316,95028,yes
family-g1-h4-a3-b1,legacy-finite-family,family,1,4,5,1,4,80,optimal_bounded,4,1,40,32,2,28,1223,optimal_bounded,4,80,1380,optimal_bounded,4,5,2,0.000100609,0.000104735,0.000188610,0.000010356,95028,yes
family-g1-h4-a3-b2,legacy-finite-family,family,1,4,5,1,4,80,optimal_bounded,5,1,40,32,2,28,1223,optimal_bounded,5,80,1380,optimal_bounded,5,5,2,0.000099658,0.000104414,0.000193998,0.000011016,95028,yes
family-g1-h4-a3-b3,legacy-finite-family,family,1,4,5,1,4,80,optimal_bounded,6,1,40,32,2,28,1223,optimal_bounded,6,80,1380,optimal_bounded,6,5,2,0.000100449,0.000109081,0.000160628,0.000010345,95028,yes
family-g2-h0-a0-b0,legacy-finite-family,family,1,4,5,2,0,24,safe_bounded,,,8,2,1,0,648,safe_bounded,,24,709,safe_bounded,,1,0,0.000027251,0.000035683,0.000047861,0.000003255,95028,yes
family-g2-h0-a0-b1,legacy-finite-family,family,1,4,5,2,0,24,safe_bounded,,,8,2,1,0,648,safe_bounded,,24,709,safe_bounded,,1,0,0.000027761,0.000037696,0.000048803,0.000003174,95028,yes
family-g2-h0-a0-b2,legacy-finite-family,family,1,4,5,2,0,24,safe_bounded,,,8,2,1,0,648,safe_bounded,,24,709,safe_bounded,,1,0,0.000027490,0.000033590,0.000046870,0.000003025,95028,yes
family-g2-h0-a0-b3,legacy-finite-family,family,1,4,5,2,0,24,safe_bounded,,,8,2,1,0,648,safe_bounded,,24,709,safe_bounded,,1,0,0.000026419,0.000033079,0.000045578,0.000002824,95028,yes
family-g2-h0-a1-b0,legacy-finite-family,family,1,4,5,2,0,24,safe_bounded,,,8,2,1,0,648,safe_bounded,,24,709,safe_bounded,,1,0,0.000027160,0.000035743,0.000047651,0.000003045,95028,yes
family-g2-h0-a1-b1,legacy-finite-family,family,1,4,5,2,0,24,safe_bounded,,,8,2,1,0,648,safe_bounded,,24,709,safe_bounded,,1,0,0.000025097,0.000059548,0.000047640,0.000003005,95028,yes
family-g2-h0-a1-b2,legacy-finite-family,family,1,4,5,2,0,24,safe_bounded,,,8,2,1,0,648,safe_bounded,,24,709,safe_bounded,,1,0,0.000028301,0.000033951,0.000047010,0.000002945,95028,yes
family-g2-h0-a1-b3,legacy-finite-family,family,1,4,5,2,0,24,safe_bounded,,,8,2,1,0,648,safe_bounded,,24,709,safe_bounded,,1,0,0.000025267,0.000061030,0.000050845,0.000003516,95028,yes
family-g2-h0-a2-b0,legacy-finite-family,family,1,4,5,2,0,24,safe_bounded,,,8,2,1,0,648,safe_bounded,,24,709,safe_bounded,,1,0,0.000027121,0.000034591,0.000047049,0.000002804,95028,yes
family-g2-h0-a2-b1,legacy-finite-family,family,1,4,5,2,0,24,safe_bounded,,,8,2,1,0,648,safe_bounded,,24,709,safe_bounded,,1,0,0.000024826,0.000032078,0.000044576,0.000002904,95028,yes
family-g2-h0-a2-b2,legacy-finite-family,family,1,4,5,2,0,24,safe_bounded,,,8,2,1,0,648,safe_bounded,,24,709,safe_bounded,,1,0,0.000026049,0.000031397,0.000045467,0.000002794,95028,yes
family-g2-h0-a2-b3,legacy-finite-family,family,1,4,5,2,0,24,safe_bounded,,,8,2,1,0,648,safe_bounded,,24,709,safe_bounded,,1,0,0.000026749,0.000035433,0.000046168,0.000002944,95028,yes
family-g2-h0-a3-b0,legacy-finite-family,family,1,4,5,2,0,24,safe_bounded,,,8,2,1,0,648,safe_bounded,,24,709,safe_bounded,,1,0,0.000028302,0.000032217,0.000046389,0.000003585,95028,yes
family-g2-h0-a3-b1,legacy-finite-family,family,1,4,5,2,0,24,safe_bounded,,,8,2,1,0,648,safe_bounded,,24,709,safe_bounded,,1,0,0.000033209,0.000033209,0.000045949,0.000003155,95028,yes
family-g2-h0-a3-b2,legacy-finite-family,family,1,4,5,2,0,24,safe_bounded,,,8,2,1,0,648,safe_bounded,,24,709,safe_bounded,,1,0,0.000024957,0.000031587,0.000044917,0.000002794,95028,yes
family-g2-h0-a3-b3,legacy-finite-family,family,1,4,5,2,0,24,safe_bounded,,,8,2,1,0,648,safe_bounded,,24,709,safe_bounded,,1,0,0.000024807,0.000033660,0.000045939,0.000002844,95028,yes
family-g2-h1-a0-b0,legacy-finite-family,family,1,4,5,2,1,48,optimal_bounded,9,0,16,8,1,4,829,optimal_bounded,9,48,896,optimal_bounded,9,4,1,0.000054531,0.000057956,0.000102422,0.000008312,95028,yes
family-g2-h1-a0-b1,legacy-finite-family,family,1,4,5,2,1,48,optimal_bounded,9,0,16,8,1,4,829,optimal_bounded,9,48,896,optimal_bounded,9,4,1,0.000052939,0.000084566,0.000098857,0.000007691,95028,yes
family-g2-h1-a0-b2,legacy-finite-family,family,1,4,5,2,1,48,optimal_bounded,9,0,16,8,1,4,829,optimal_bounded,9,48,896,optimal_bounded,9,4,1,0.000054411,0.000057164,0.000098636,0.000007802,95028,yes
family-g2-h1-a0-b3,legacy-finite-family,family,1,4,5,2,1,48,optimal_bounded,9,0,16,8,1,4,829,optimal_bounded,9,48,896,optimal_bounded,9,4,1,0.000050765,0.000054802,0.000096563,0.000007220,95028,yes
family-g2-h1-a1-b0,legacy-finite-family,family,1,4,5,2,1,48,optimal_bounded,9,0,16,8,1,4,829,optimal_bounded,9,48,896,optimal_bounded,9,4,1,0.000056143,0.000056354,0.000097625,0.000007641,95028,yes
family-g2-h1-a1-b1,legacy-finite-family,family,1,4,5,2,1,48,optimal_bounded,9,0,16,8,1,4,829,optimal_bounded,9,48,896,optimal_bounded,9,4,1,0.000050024,0.000055122,0.000094720,0.000007431,95028,yes
family-g2-h1-a1-b2,legacy-finite-family,family,1,4,5,2,1,48,optimal_bounded,9,0,16,8,1,4,829,optimal_bounded,9,48,896,optimal_bounded,9,4,1,0.000052788,0.000060369,0.000099258,0.000007882,95028,yes
family-g2-h1-a1-b3,legacy-finite-family,family,1,4,5,2,1,48,optimal_bounded,9,0,16,8,1,4,829,optimal_bounded,9,48,896,optimal_bounded,9,4,1,0.000053840,0.000060190,0.000118275,0.000007571,95028,yes
family-g2-h1-a2-b0,legacy-finite-family,family,1,4,5,2,1,48,optimal_bounded,9,0,16,8,1,4,829,optimal_bounded,9,48,896,optimal_bounded,9,4,1,0.000050936,0.000055252,0.000095472,0.000007451,95028,yes
family-g2-h1-a2-b1,legacy-finite-family,family,1,4,5,2,1,48,optimal_bounded,9,0,16,8,1,4,829,optimal_bounded,9,48,896,optimal_bounded,9,4,1,0.000053769,0.000084164,0.000097614,0.000007812,95028,yes
family-g2-h1-a2-b2,legacy-finite-family,family,1,4,5,2,1,48,optimal_bounded,9,0,16,8,1,4,829,optimal_bounded,9,48,896,optimal_bounded,9,4,1,0.000051146,0.000054410,0.000096773,0.000007651,95028,yes
family-g2-h1-a2-b3,legacy-finite-family,family,1,4,5,2,1,48,optimal_bounded,9,0,16,8,1,4,829,optimal_bounded,9,48,896,optimal_bounded,9,4,1,0.000050014,0.000060650,0.000099598,0.000007921,95028,yes
family-g2-h1-a3-b0,legacy-finite-family,family,1,4,5,2,1,48,optimal_bounded,9,0,16,8,1,4,829,optimal_bounded,9,48,896,optimal_bounded,9,4,1,0.000049644,0.000054731,0.000095331,0.000007190,95028,yes
family-g2-h1-a3-b1,legacy-finite-family,family,1,4,5,2,1,48,optimal_bounded,9,0,16,8,1,4,829,optimal_bounded,9,48,896,optimal_bounded,9,4,1,0.000049644,0.000081632,0.000097024,0.000007722,95028,yes
family-g2-h1-a3-b2,legacy-finite-family,family,1,4,5,2,1,48,optimal_bounded,9,0,16,8,1,4,829,optimal_bounded,9,48,896,optimal_bounded,9,4,1,0.000048913,0.000053990,0.000094670,0.000007451,95028,yes
family-g2-h1-a3-b3,legacy-finite-family,family,1,4,5,2,1,48,optimal_bounded,9,0,16,8,1,4,829,optimal_bounded,9,48,896,optimal_bounded,9,4,1,0.000050424,0.000054961,0.000119177,0.000007591,95028,yes
family-g2-h2-a0-b0,legacy-finite-family,family,1,4,5,2,2,72,optimal_bounded,0,1,24,18,2,12,973,optimal_bounded,0,72,1028,optimal_bounded,0,6,2,0.000071175,0.000074590,0.000140088,0.000011647,95028,yes
family-g2-h2-a0-b1,legacy-finite-family,family,1,4,5,2,2,72,optimal_bounded,1,1,24,18,2,12,973,optimal_bounded,1,72,1028,optimal_bounded,1,6,2,0.000097424,0.000075753,0.000138856,0.000010495,95028,yes
family-g2-h2-a0-b2,legacy-finite-family,family,1,4,5,2,2,72,optimal_bounded,2,1,24,18,2,12,973,optimal_bounded,2,72,1028,optimal_bounded,2,6,2,0.000074771,0.000074090,0.000138366,0.000011046,95028,yes
family-g2-h2-a0-b3,legacy-finite-family,family,1,4,5,2,2,72,optimal_bounded,3,1,24,18,2,12,973,optimal_bounded,3,72,1028,optimal_bounded,3,6,2,0.000073549,0.000075863,0.000135310,0.000010806,95028,yes
family-g2-h2-a1-b0,legacy-finite-family,family,1,4,5,2,2,72,optimal_bounded,1,1,24,18,2,12,973,optimal_bounded,1,72,1076,optimal_bounded,1,6,2,0.000072598,0.000082091,0.000139237,0.000010866,95028,yes
family-g2-h2-a1-b1,legacy-finite-family,family,1,4,5,2,2,72,optimal_bounded,2,1,24,18,2,12,973,optimal_bounded,2,72,1076,optimal_bounded,2,6,2,0.000071366,0.000075392,0.000139537,0.000010696,95028,yes
family-g2-h2-a1-b2,legacy-finite-family,family,1,4,5,2,2,72,optimal_bounded,3,1,24,18,2,12,973,optimal_bounded,3,72,1076,optimal_bounded,3,6,2,0.000072227,0.000073449,0.000137824,0.000010515,95028,yes
family-g2-h2-a1-b3,legacy-finite-family,family,1,4,5,2,2,72,optimal_bounded,4,1,24,18,2,12,973,optimal_bounded,4,72,1076,optimal_bounded,4,6,2,0.000099277,0.000076283,0.000165505,0.000011186,95028,yes
family-g2-h2-a2-b0,legacy-finite-family,family,1,4,5,2,2,72,optimal_bounded,2,1,24,18,2,12,973,optimal_bounded,2,72,1076,optimal_bounded,2,6,2,0.000072027,0.000075102,0.000136983,0.000010606,95028,yes
family-g2-h2-a2-b1,legacy-finite-family,family,1,4,5,2,2,72,optimal_bounded,3,1,24,18,2,12,973,optimal_bounded,3,72,1076,optimal_bounded,3,6,2,0.000093548,0.000076843,0.000140498,0.000010876,95028,yes
family-g2-h2-a2-b2,legacy-finite-family,family,1,4,5,2,2,72,optimal_bounded,4,1,24,18,2,12,973,optimal_bounded,4,72,1076,optimal_bounded,4,6,2,0.000071656,0.000074991,0.000167529,0.000010896,95028,yes
family-g2-h2-a2-b3,legacy-finite-family,family,1,4,5,2,2,72,optimal_bounded,5,1,24,18,2,12,973,optimal_bounded,5,72,1076,optimal_bounded,5,6,2,0.000071916,0.000079277,0.000144554,0.000011126,95028,yes
family-g2-h2-a3-b0,legacy-finite-family,family,1,4,5,2,2,72,optimal_bounded,3,1,24,18,2,12,973,optimal_bounded,3,72,1076,optimal_bounded,3,6,2,0.000098696,0.000075812,0.000147188,0.000013229,95028,yes
family-g2-h2-a3-b1,legacy-finite-family,family,1,4,5,2,2,72,optimal_bounded,4,1,24,18,2,12,973,optimal_bounded,4,72,1076,optimal_bounded,4,6,2,0.000111115,0.000078246,0.000174809,0.000011818,95028,yes
family-g2-h2-a3-b2,legacy-finite-family,family,1,4,5,2,2,72,optimal_bounded,5,1,24,18,2,12,973,optimal_bounded,5,72,1076,optimal_bounded,5,6,2,0.000071576,0.000074200,0.000137514,0.000010425,95028,yes
family-g2-h2-a3-b3,legacy-finite-family,family,1,4,5,2,2,72,optimal_bounded,6,1,24,18,2,12,973,optimal_bounded,6,72,1076,optimal_bounded,6,6,2,0.000068412,0.000080960,0.000140818,0.000010896,95028,yes
family-g2-h3-a0-b0,legacy-finite-family,family,1,4,5,2,3,96,optimal_bounded,0,1,32,28,2,22,1113,optimal_bounded,0,96,1172,optimal_bounded,0,6,2,0.000085507,0.000091646,0.000178595,0.000039358,95028,yes
family-g2-h3-a0-b1,legacy-finite-family,family,1,4,5,2,3,96,optimal_bounded,1,1,32,28,2,22,1113,optimal_bounded,1,96,1172,optimal_bounded,1,6,2,0.000083494,0.000091436,0.000174118,0.000010305,95028,yes
family-g2-h3-a0-b2,legacy-finite-family,family,1,4,5,2,3,96,optimal_bounded,2,1,32,28,2,22,1113,optimal_bounded,2,96,1172,optimal_bounded,2,6,2,0.000083534,0.000100339,0.000247638,0.000012408,95028,yes
family-g2-h3-a0-b3,legacy-finite-family,family,1,4,5,2,3,96,optimal_bounded,3,1,32,28,2,22,1113,optimal_bounded,3,96,1172,optimal_bounded,3,6,2,0.000116763,0.000094300,0.000181709,0.000011116,95028,yes
family-g2-h3-a1-b0,legacy-finite-family,family,1,4,5,2,3,96,optimal_bounded,1,1,32,28,2,22,1113,optimal_bounded,1,96,1252,optimal_bounded,1,6,2,0.000089793,0.000092787,0.000203171,0.000012088,95028,yes
family-g2-h3-a1-b1,legacy-finite-family,family,1,4,5,2,3,96,optimal_bounded,2,1,32,28,2,22,1113,optimal_bounded,2,96,1252,optimal_bounded,2,6,2,0.000089893,0.000092917,0.000176191,0.000011176,95028,yes
family-g2-h3-a1-b2,legacy-finite-family,family,1,4,5,2,3,96,optimal_bounded,3,1,32,28,2,22,1113,optimal_bounded,3,96,1252,optimal_bounded,3,6,2,0.000088111,0.000093148,0.000176692,0.000011167,95028,yes
family-g2-h3-a1-b3,legacy-finite-family,family,1,4,5,2,3,96,optimal_bounded,4,1,32,28,2,22,1113,optimal_bounded,4,96,1252,optimal_bounded,4,6,2,0.000086539,0.000092738,0.000196962,0.000010966,95028,yes
family-g2-h3-a2-b0,legacy-finite-family,family,1,4,5,2,3,96,optimal_bounded,2,1,32,28,2,22,1113,optimal_bounded,2,96,1252,optimal_bounded,2,6,2,0.000091405,0.000119677,0.000182340,0.000015052,95028,yes
family-g2-h3-a2-b1,legacy-finite-family,family,1,4,5,2,3,96,optimal_bounded,3,1,32,28,2,22,1113,optimal_bounded,3,96,1252,optimal_bounded,3,6,2,0.000090945,0.000096553,0.000179256,0.000011528,95028,yes
family-g2-h3-a2-b2,legacy-finite-family,family,1,4,5,2,3,96,optimal_bounded,4,1,32,28,2,22,1113,optimal_bounded,4,96,1252,optimal_bounded,4,6,2,0.000090564,0.000093539,0.000178985,0.000011667,95028,yes
family-g2-h3-a2-b3,legacy-finite-family,family,1,4,5,2,3,96,optimal_bounded,5,1,32,28,2,22,1113,optimal_bounded,5,96,1252,optimal_bounded,5,6,2,0.000085487,0.000096032,0.000178805,0.000011246,95028,yes
family-g2-h3-a3-b0,legacy-finite-family,family,1,4,5,2,3,96,optimal_bounded,3,1,32,28,2,22,1113,optimal_bounded,3,96,1252,optimal_bounded,3,6,2,0.000088220,0.000095061,0.000205185,0.000011917,95028,yes
family-g2-h3-a3-b1,legacy-finite-family,family,1,4,5,2,3,96,optimal_bounded,4,1,32,28,2,22,1113,optimal_bounded,4,96,1252,optimal_bounded,4,6,2,0.000156222,0.000096233,0.000220277,0.000011307,95028,yes
family-g2-h3-a3-b2,legacy-finite-family,family,1,4,5,2,3,96,optimal_bounded,5,1,32,28,2,22,1113,optimal_bounded,5,96,1252,optimal_bounded,5,6,2,0.000093789,0.000093939,0.000179356,0.000011197,95028,yes
family-g2-h3-a3-b3,legacy-finite-family,family,1,4,5,2,3,96,optimal_bounded,6,1,32,28,2,22,1113,optimal_bounded,6,96,1252,optimal_bounded,6,6,2,0.000132867,0.000094801,0.000175310,0.000011367,95028,yes
family-g2-h4-a0-b0,legacy-finite-family,family,1,4,5,2,4,120,optimal_bounded,0,1,40,38,2,32,1253,optimal_bounded,0,120,1316,optimal_bounded,0,6,2,0.000100219,0.000111476,0.000238934,0.000011748,95028,yes
family-g2-h4-a0-b1,legacy-finite-family,family,1,4,5,2,4,120,optimal_bounded,1,1,40,38,2,32,1253,optimal_bounded,1,120,1316,optimal_bounded,1,6,2,0.000108812,0.000112647,0.000270371,0.000012528,95028,yes
family-g2-h4-a0-b2,legacy-finite-family,family,1,4,5,2,4,120,optimal_bounded,2,1,40,38,2,32,1253,optimal_bounded,2,120,1316,optimal_bounded,2,6,2,0.000105096,0.000115010,0.000268888,0.000011597,95028,yes
family-g2-h4-a0-b3,legacy-finite-family,family,1,4,5,2,4,120,optimal_bounded,3,1,40,38,2,32,1253,optimal_bounded,3,120,1316,optimal_bounded,3,6,2,0.000099898,0.000110514,0.000209100,0.000011077,95028,yes
family-g2-h4-a1-b0,legacy-finite-family,family,1,4,5,2,4,120,optimal_bounded,1,1,40,38,2,32,1253,optimal_bounded,1,120,1428,optimal_bounded,1,6,2,0.000106117,0.000111244,0.000212966,0.000011597,95028,yes
family-g2-h4-a1-b1,legacy-finite-family,family,1,4,5,2,4,120,optimal_bounded,2,1,40,38,2,32,1253,optimal_bounded,2,120,1428,optimal_bounded,2,6,2,0.000104475,0.000108861,0.000213417,0.000011226,95028,yes
family-g2-h4-a1-b2,legacy-finite-family,family,1,4,5,2,4,120,optimal_bounded,3,1,40,38,2,32,1253,optimal_bounded,3,120,1428,optimal_bounded,3,6,2,0.000103884,0.000118305,0.000218273,0.000011287,95028,yes
family-g2-h4-a1-b3,legacy-finite-family,family,1,4,5,2,4,120,optimal_bounded,4,1,40,38,2,32,1253,optimal_bounded,4,120,1428,optimal_bounded,4,6,2,0.000099858,0.000111245,0.000231824,0.000011006,95028,yes
family-g2-h4-a2-b0,legacy-finite-family,family,1,4,5,2,4,120,optimal_bounded,2,1,40,38,2,32,1253,optimal_bounded,2,120,1428,optimal_bounded,2,6,2,0.000103343,0.000110584,0.000240847,0.000011617,95028,yes
family-g2-h4-a2-b1,legacy-finite-family,family,1,4,5,2,4,120,optimal_bounded,3,1,40,38,2,32,1253,optimal_bounded,3,120,1428,optimal_bounded,3,6,2,0.000104044,0.000115191,0.000216040,0.000011567,95028,yes
family-g2-h4-a2-b2,legacy-finite-family,family,1,4,5,2,4,120,optimal_bounded,4,1,40,38,2,32,1253,optimal_bounded,4,120,1428,optimal_bounded,4,6,2,0.000104284,0.000111396,0.000215680,0.000011507,95028,yes
family-g2-h4-a2-b3,legacy-finite-family,family,1,4,5,2,4,120,optimal_bounded,5,1,40,38,2,32,1253,optimal_bounded,5,120,1428,optimal_bounded,5,6,2,0.000204072,0.000179446,0.000216571,0.000012359,95028,yes
family-g2-h4-a3-b0,legacy-finite-family,family,1,4,5,2,4,120,optimal_bounded,3,1,40,38,2,32,1253,optimal_bounded,3,120,1428,optimal_bounded,3,6,2,0.000165606,0.000112046,0.000218213,0.000011738,95028,yes
family-g2-h4-a3-b1,legacy-finite-family,family,1,4,5,2,4,120,optimal_bounded,4,1,40,38,2,32,1253,optimal_bounded,4,120,1428,optimal_bounded,4,6,2,0.000129943,0.000111696,0.000215650,0.000011617,95028,yes
family-g2-h4-a3-b2,legacy-finite-family,family,1,4,5,2,4,120,optimal_bounded,5,1,40,38,2,32,1253,optimal_bounded,5,120,1428,optimal_bounded,5,6,2,0.000101441,0.000109602,0.000244753,0.000011307,95028,yes
family-g2-h4-a3-b3,legacy-finite-family,family,1,4,5,2,4,120,optimal_bounded,6,1,40,38,2,32,1253,optimal_bounded,6,120,1428,optimal_bounded,6,6,2,0.000099628,0.000108501,0.000210623,0.000011767,95028,yes
family-g3-h0-a0-b0,legacy-finite-family,family,1,4,5,3,0,32,safe_bounded,,,8,2,1,0,648,safe_bounded,,32,709,safe_bounded,,1,0,0.000028312,0.000042403,0.000055582,0.000003385,95028,yes
family-g3-h0-a0-b1,legacy-finite-family,family,1,4,5,3,0,32,safe_bounded,,,8,2,1,0,648,safe_bounded,,32,709,safe_bounded,,1,0,0.000031317,0.000036734,0.000051376,0.000003825,95028,yes
family-g3-h0-a0-b2,legacy-finite-family,family,1,4,5,3,0,32,safe_bounded,,,8,2,1,0,648,safe_bounded,,32,709,safe_bounded,,1,0,0.000031046,0.000036114,0.000051756,0.000003185,95028,yes
family-g3-h0-a0-b3,legacy-finite-family,family,1,4,5,3,0,32,safe_bounded,,,8,2,1,0,648,safe_bounded,,32,709,safe_bounded,,1,0,0.000026749,0.000034181,0.000049794,0.000003175,95028,yes
family-g3-h0-a1-b0,legacy-finite-family,family,1,4,5,3,0,32,safe_bounded,,,8,2,1,0,648,safe_bounded,,32,709,safe_bounded,,1,0,0.000027711,0.000033640,0.000048923,0.000003024,95028,yes
family-g3-h0-a1-b1,legacy-finite-family,family,1,4,5,3,0,32,safe_bounded,,,8,2,1,0,648,safe_bounded,,32,709,safe_bounded,,1,0,0.000025738,0.000032057,0.000047120,0.000003054,95028,yes
family-g3-h0-a1-b2,legacy-finite-family,family,1,4,5,3,0,32,safe_bounded,,,8,2,1,0,648,safe_bounded,,32,709,safe_bounded,,1,0,0.000028482,0.000054892,0.000049663,0.000003005,95028,yes
family-g3-h0-a1-b3,legacy-finite-family,family,1,4,5,3,0,32,safe_bounded,,,8,2,1,0,648,safe_bounded,,32,709,safe_bounded,,1,0,0.000025688,0.000031577,0.000046780,0.000002835,95028,yes
family-g3-h0-a2-b0,legacy-finite-family,family,1,4,5,3,0,32,safe_bounded,,,8,2,1,0,648,safe_bounded,,32,709,safe_bounded,,1,0,0.000025027,0.000035923,0.000049474,0.000003045,95028,yes
family-g3-h0-a2-b1,legacy-finite-family,family,1,4,5,3,0,32,safe_bounded,,,8,2,1,0,648,safe_bounded,,32,709,safe_bounded,,1,0,0.000030014,0.000033930,0.000048632,0.000003265,95028,yes
family-g3-h0-a2-b2,legacy-finite-family,family,1,4,5,3,0,32,safe_bounded,,,8,2,1,0,648,safe_bounded,,32,709,safe_bounded,,1,0,0.000027882,0.000032558,0.000049723,0.000002984,95028,yes
family-g3-h0-a2-b3,legacy-finite-family,family,1,4,5,3,0,32,safe_bounded,,,8,2,1,0,648,safe_bounded,,32,709,safe_bounded,,1,0,0.000027631,0.000041501,0.000052267,0.000003034,95028,yes
family-g3-h0-a3-b0,legacy-finite-family,family,1,4,5,3,0,32,safe_bounded,,,8,2,1,0,648,safe_bounded,,32,709,safe_bounded,,1,0,0.000032618,0.000035823,0.000050905,0.000003335,95028,yes
family-g3-h0-a3-b1,legacy-finite-family,family,1,4,5,3,0,32,safe_bounded,,,8,2,1,0,648,safe_bounded,,32,709,safe_bounded,,1,0,0.000026339,0.000072868,0.000052297,0.000003104,95028,yes
family-g3-h0-a3-b2,legacy-finite-family,family,1,4,5,3,0,32,safe_bounded,,,8,2,1,0,648,safe_bounded,,32,709,safe_bounded,,1,0,0.000028322,0.000033970,0.000050676,0.000003035,95028,yes
family-g3-h0-a3-b3,legacy-finite-family,family,1,4,5,3,0,32,safe_bounded,,,8,2,1,0,648,safe_bounded,,32,709,safe_bounded,,1,0,0.000026159,0.000033950,0.000049584,0.000002954,95028,yes
family-g3-h1-a0-b0,legacy-finite-family,family,1,4,5,3,1,64,optimal_bounded,9,0,16,8,1,4,829,optimal_bounded,9,64,896,optimal_bounded,9,4,1,0.000058126,0.000063274,0.000121360,0.000008382,95028,yes
family-g3-h1-a0-b1,legacy-finite-family,family,1,4,5,3,1,64,optimal_bounded,9,0,16,8,1,4,829,optimal_bounded,9,64,896,optimal_bounded,9,4,1,0.000053700,0.000058487,0.000139547,0.000007992,95028,yes
family-g3-h1-a0-b2,legacy-finite-family,family,1,4,5,3,1,64,optimal_bounded,9,0,16,8,1,4,829,optimal_bounded,9,64,896,optimal_bounded,9,4,1,0.000052168,0.000054862,0.000111315,0.000007541,95028,yes
family-g3-h1-a0-b3,legacy-finite-family,family,1,4,5,3,1,64,optimal_bounded,9,0,16,8,1,4,829,optimal_bounded,9,64,896,optimal_bounded,9,4,1,0.000054661,0.000056994,0.000139486,0.000007892,95028,yes
family-g3-h1-a1-b0,legacy-finite-family,family,1,4,5,3,1,64,optimal_bounded,9,0,16,8,1,4,829,optimal_bounded,9,64,896,optimal_bounded,9,4,1,0.000052187,0.000056835,0.000113699,0.000007822,95028,yes
family-g3-h1-a1-b1,legacy-finite-family,family,1,4,5,3,1,64,optimal_bounded,9,0,16,8,1,4,829,optimal_bounded,9,64,896,optimal_bounded,9,4,1,0.000056534,0.000078697,0.000113288,0.000008012,95028,yes
family-g3-h1-a1-b2,legacy-finite-family,family,1,4,5,3,1,64,optimal_bounded,9,0,16,8,1,4,829,optimal_bounded,9,64,896,optimal_bounded,9,4,1,0.000054631,0.000056824,0.000113348,0.000007511,95028,yes
family-g3-h1-a1-b3,legacy-finite-family,family,1,4,5,3,1,64,optimal_bounded,9,0,16,8,1,4,829,optimal_bounded,9,64,896,optimal_bounded,9,4,1,0.000072838,0.000060400,0.000340865,0.000008773,95028,yes
family-g3-h1-a2-b0,legacy-finite-family,family,1,4,5,3,1,64,optimal_bounded,9,0,16,8,1,4,829,optimal_bounded,9,64,896,optimal_bounded,9,4,1,0.000057876,0.000096603,0.000117104,0.000008493,95028,yes
family-g3-h1-a2-b1,legacy-finite-family,family,1,4,5,3,1,64,optimal_bounded,9,0,16,8,1,4,829,optimal_bounded,9,64,896,optimal_bounded,9,4,1,0.000054902,0.000057055,0.000155971,0.000008132,95028,yes
family-g3-h1-a2-b2,legacy-finite-family,family,1,4,5,3,1,64,optimal_bounded,9,0,16,8,1,4,829,optimal_bounded,9,64,896,optimal_bounded,9,4,1,0.000056885,0.000057966,0.000114820,0.000008222,95028,yes
family-g3-h1-a2-b3,legacy-finite-family,family,1,4,5,3,1,64,optimal_bounded,9,0,16,8,1,4,829,optimal_bounded,9,64,896,optimal_bounded,9,4,1,0.000051947,0.000056634,0.000113278,0.000007932,95028,yes
family-g3-h1-a3-b0,legacy-finite-family,family,1,4,5,3,1,64,optimal_bounded,9,0,16,8,1,4,829,optimal_bounded,9,64,896,optimal_bounded,9,4,1,0.000054051,0.000056133,0.000112316,0.000007702,95028,yes
family-g3-h1-a3-b1,legacy-finite-family,family,1,4,5,3,1,64,optimal_bounded,9,0,16,8,1,4,829,optimal_bounded,9,64,896,optimal_bounded,9,4,1,0.000050485,0.000054971,0.000109463,0.000032108,95028,yes
family-g3-h1-a3-b2,legacy-finite-family,family,1,4,5,3,1,64,optimal_bounded,9,0,16,8,1,4,829,optimal_bounded,9,64,896,optimal_bounded,9,4,1,0.000052417,0.000059709,0.000113479,0.000007741,95028,yes
family-g3-h1-a3-b3,legacy-finite-family,family,1,4,5,3,1,64,optimal_bounded,9,0,16,8,1,4,829,optimal_bounded,9,64,896,optimal_bounded,9,4,1,0.000050665,0.000055252,0.000139848,0.000008002,95028,yes
family-g3-h2-a0-b0,legacy-finite-family,family,1,4,5,3,2,96,optimal_bounded,0,1,24,18,2,12,973,optimal_bounded,0,96,1028,optimal_bounded,0,6,2,0.000080379,0.000077385,0.000202240,0.000011057,95028,yes
family-g3-h2-a0-b1,legacy-finite-family,family,1,4,5,3,2,96,optimal_bounded,1,1,24,18,2,12,973,optimal_bounded,1,96,1028,optimal_bounded,1,6,2,0.000077485,0.000078276,0.000167639,0.000010806,95028,yes
family-g3-h2-a0-b2,legacy-finite-family,family,1,4,5,3,2,96,optimal_bounded,2,1,24,18,2,12,973,optimal_bounded,2,96,1028,optimal_bounded,2,6,2,0.000071616,0.000080229,0.000165406,0.000010766,95028,yes
family-g3-h2-a0-b3,legacy-finite-family,family,1,4,5,3,2,96,optimal_bounded,3,1,24,18,2,12,973,optimal_bounded,3,96,1028,optimal_bounded,3,6,2,0.000074009,0.000079268,0.000170593,0.000011016,95028,yes
family-g3-h2-a1-b0,legacy-finite-family,family,1,4,5,3,2,96,optimal_bounded,1,1,24,18,2,12,973,optimal_bounded,1,96,1076,optimal_bounded,1,6,2,0.000072107,0.000075061,0.000167369,0.000010736,95028,yes
family-g3-h2-a1-b1,legacy-finite-family,family,1,4,5,3,2,96,optimal_bounded,2,1,24,18,2,12,973,optimal_bounded,2,96,1076,optimal_bounded,2,6,2,0.000070094,0.000100619,0.000166737,0.000010976,95028,yes
family-g3-h2-a1-b2,legacy-finite-family,family,1,4,5,3,2,96,optimal_bounded,3,1,24,18,2,12,973,optimal_bounded,3,96,1076,optimal_bounded,3,6,2,0.000072558,0.000074561,0.000195620,0.000010816,95028,yes
family-g3-h2-a1-b3,legacy-finite-family,family,1,4,5,3,2,96,optimal_bounded,4,1,24,18,2,12,973,optimal_bounded,4,96,1076,optimal_bounded,4,6,2,0.000077114,0.000081561,0.000169661,0.000011187,95028,yes
family-g3-h2-a2-b0,legacy-finite-family,family,1,4,5,3,2,96,optimal_bounded,2,1,24,18,2,12,973,optimal_bounded,2,96,1076,optimal_bounded,2,6,2,0.000107389,0.000078856,0.000169331,0.000010856,95028,yes
family-g3-h2-a2-b1,legacy-finite-family,family,1,4,5,3,2,96,optimal_bounded,3,1,24,18,2,12,973,optimal_bounded,3,96,1076,optimal_bounded,3,6,2,0.000069012,0.000075462,0.000291152,0.000014531,95028,yes
family-g3-h2-a2-b2,legacy-finite-family,family,1,4,5,3,2,96,optimal_bounded,4,1,24,18,2,12,973,optimal_bounded,4,96,1076,optimal_bounded,4,6,2,0.000077164,0.000077445,0.000168490,0.000011076,95028,yes
family-g3-h2-a2-b3,legacy-finite-family,family,1,4,5,3,2,96,optimal_bounded,5,1,24,18,2,12,973,optimal_bounded,5,96,1076,optimal_bounded,5,6,2,0.000075152,0.000077885,0.000166657,0.000011287,95028,yes
family-g3-h2-a3-b0,legacy-finite-family,family,1,4,5,3,2,96,optimal_bounded,3,1,24,18,2,12,973,optimal_bounded,3,96,1076,optimal_bounded,3,6,2,0.000073939,0.000087009,0.000168229,0.000011177,95028,yes
family-g3-h2-a3-b1,legacy-finite-family,family,1,4,5,3,2,96,optimal_bounded,4,1,24,18,2,12,973,optimal_bounded,4,96,1076,optimal_bounded,4,6,2,0.000071646,0.000075212,0.000164845,0.000010326,95028,yes
family-g3-h2-a3-b2,legacy-finite-family,family,1,4,5,3,2,96,optimal_bounded,5,1,24,18,2,12,973,optimal_bounded,5,96,1076,optimal_bounded,5,6,2,0.000072307,0.000074551,0.000166757,0.000011027,95028,yes
family-g3-h2-a3-b3,legacy-finite-family,family,1,4,5,3,2,96,optimal_bounded,6,1,24,18,2,12,973,optimal_bounded,6,96,1076,optimal_bounded,6,6,2,0.000149071,0.000083784,0.000173176,0.000011588,95028,yes
family-g3-h3-a0-b0,legacy-finite-family,family,1,4,5,3,3,128,optimal_bounded,0,1,32,28,2,22,1113,optimal_bounded,0,128,1172,optimal_bounded,0,7,3,0.000089422,0.000096864,0.000249500,0.000012578,95028,yes
family-g3-h3-a0-b1,legacy-finite-family,family,1,4,5,3,3,128,optimal_bounded,1,1,32,28,2,22,1113,optimal_bounded,1,128,1172,optimal_bounded,1,7,3,0.000090645,0.000124565,0.000219585,0.000012989,95028,yes
family-g3-h3-a0-b2,legacy-finite-family,family,1,4,5,3,3,128,optimal_bounded,2,1,32,28,2,22,1113,optimal_bounded,2,128,1172,optimal_bounded,2,7,3,0.000093368,0.000159336,0.000252364,0.000013260,95028,yes
family-g3-h3-a0-b3,legacy-finite-family,family,1,4,5,3,3,128,optimal_bounded,3,1,32,28,2,22,1113,optimal_bounded,3,128,1172,optimal_bounded,3,7,3,0.000086408,0.000096733,0.000308968,0.000013500,95028,yes
family-g3-h3-a1-b0,legacy-finite-family,family,1,4,5,3,3,128,optimal_bounded,0,3,32,30,3,22,1129,optimal_bounded,0,128,1176,optimal_bounded,0,7,3,0.000091966,0.000097104,0.000217242,0.000012519,95028,yes
family-g3-h3-a1-b1,legacy-finite-family,family,1,4,5,3,3,128,optimal_bounded,1,3,32,30,3,22,1129,optimal_bounded,1,128,1176,optimal_bounded,1,7,3,0.000093849,0.000095001,0.000285654,0.000013090,95028,yes
family-g3-h3-a1-b2,legacy-finite-family,family,1,4,5,3,3,128,optimal_bounded,2,3,32,30,3,22,1129,optimal_bounded,2,128,1176,optimal_bounded,2,7,3,0.000160107,0.000140749,0.000216371,0.000012589,95028,yes
family-g3-h3-a1-b3,legacy-finite-family,family,1,4,5,3,3,128,optimal_bounded,3,3,32,30,3,22,1129,optimal_bounded,3,128,1176,optimal_bounded,3,7,3,0.000087409,0.000104996,0.000218955,0.000013440,95028,yes
family-g3-h3-a2-b0,legacy-finite-family,family,1,4,5,3,3,128,optimal_bounded,0,3,32,30,3,22,1129,optimal_bounded,0,128,1176,optimal_bounded,0,7,3,0.000090164,0.000094771,0.000249420,0.000012559,95028,yes
family-g3-h3-a2-b1,legacy-finite-family,family,1,4,5,3,3,128,optimal_bounded,1,3,32,30,3,22,1129,optimal_bounded,1,128,1176,optimal_bounded,1,7,3,0.000086288,0.000093909,0.000214267,0.000012018,95028,yes
family-g3-h3-a2-b2,legacy-finite-family,family,1,4,5,3,3,128,optimal_bounded,2,3,32,30,3,22,1129,optimal_bounded,2,128,1176,optimal_bounded,2,7,3,0.000087940,0.000161499,0.000220177,0.000012218,95028,yes
family-g3-h3-a2-b3,legacy-finite-family,family,1,4,5,3,3,128,optimal_bounded,3,3,32,30,3,22,1129,optimal_bounded,3,128,1176,optimal_bounded,3,7,3,0.000131185,0.000097004,0.000217993,0.000012779,95028,yes
family-g3-h3-a3-b0,legacy-finite-family,family,1,4,5,3,3,128,optimal_bounded,0,3,32,30,3,22,1129,optimal_bounded,0,128,1176,optimal_bounded,0,7,3,0.000092477,0.000121911,0.000218624,0.000012218,95028,yes
family-g3-h3-a3-b1,legacy-finite-family,family,1,4,5,3,3,128,optimal_bounded,1,3,32,30,3,22,1129,optimal_bounded,1,128,1176,optimal_bounded,1,7,3,0.000096393,0.000103093,0.000265724,0.000016764,95028,yes
family-g3-h3-a3-b2,legacy-finite-family,family,1,4,5,3,3,128,optimal_bounded,2,3,32,30,3,22,1129,optimal_bounded,2,128,1176,optimal_bounded,2,7,3,0.000094941,0.000101491,0.000277061,0.000012979,95028,yes
family-g3-h3-a3-b3,legacy-finite-family,family,1,4,5,3,3,128,optimal_bounded,3,3,32,30,3,22,1129,optimal_bounded,3,128,1176,optimal_bounded,3,7,3,0.000089543,0.000143252,0.000234918,0.000012969,95028,yes
family-g3-h4-a0-b0,legacy-finite-family,family,1,4,5,3,4,160,optimal_bounded,0,1,40,38,2,32,1253,optimal_bounded,0,160,1316,optimal_bounded,0,7,3,0.000102292,0.000111606,0.000267947,0.000013019,95028,yes
family-g3-h4-a0-b1,legacy-finite-family,family,1,4,5,3,4,160,optimal_bounded,1,1,40,38,2,32,1253,optimal_bounded,1,160,1316,optimal_bounded,1,7,3,0.000104224,0.000110484,0.000342828,0.000013500,95028,yes
family-g3-h4-a0-b2,legacy-finite-family,family,1,4,5,3,4,160,optimal_bounded,2,1,40,38,2,32,1253,optimal_bounded,2,160,1316,optimal_bounded,2,7,3,0.000110674,0.000156021,0.000267927,0.000012379,95028,yes
family-g3-h4-a0-b3,legacy-finite-family,family,1,4,5,3,4,160,optimal_bounded,3,1,40,38,2,32,1253,optimal_bounded,3,160,1316,optimal_bounded,3,7,3,0.000178424,0.000113669,0.000266615,0.000012528,95028,yes
family-g3-h4-a1-b0,legacy-finite-family,family,1,4,5,3,4,160,optimal_bounded,0,3,40,42,3,32,1281,optimal_bounded,0,160,1320,optimal_bounded,0,7,3,0.000106137,0.000125776,0.000272424,0.000012859,95028,yes
family-g3-h4-a1-b1,legacy-finite-family,family,1,4,5,3,4,160,optimal_bounded,1,3,40,42,3,32,1281,optimal_bounded,1,160,1320,optimal_bounded,1,7,3,0.000100049,0.000138605,0.000263480,0.000012308,95028,yes
family-g3-h4-a1-b2,legacy-finite-family,family,1,4,5,3,4,160,optimal_bounded,2,3,40,42,3,32,1281,optimal_bounded,2,160,1320,optimal_bounded,2,7,3,0.000109552,0.000113778,0.000289589,0.000013099,95028,yes
family-g3-h4-a1-b3,legacy-finite-family,family,1,4,5,3,4,160,optimal_bounded,3,3,40,42,3,32,1281,optimal_bounded,3,160,1320,optimal_bounded,3,7,3,0.000106058,0.000116152,0.000287125,0.000012829,95028,yes
family-g3-h4-a2-b0,legacy-finite-family,family,1,4,5,3,4,160,optimal_bounded,0,3,40,42,3,32,1281,optimal_bounded,0,160,1320,optimal_bounded,0,7,3,0.000105226,0.000113959,0.000332262,0.000012909,95028,yes
family-g3-h4-a2-b1,legacy-finite-family,family,1,4,5,3,4,160,optimal_bounded,1,3,40,42,3,32,1281,optimal_bounded,1,160,1320,optimal_bounded,1,7,3,0.000107339,0.000113668,0.000269801,0.000012168,95028,yes
family-g3-h4-a2-b2,legacy-finite-family,family,1,4,5,3,4,160,optimal_bounded,2,3,40,42,3,32,1281,optimal_bounded,2,160,1320,optimal_bounded,2,7,3,0.000107069,0.000113578,0.000265043,0.000012850,95028,yes
family-g3-h4-a2-b3,legacy-finite-family,family,1,4,5,3,4,160,optimal_bounded,3,3,40,42,3,32,1281,optimal_bounded,3,160,1320,optimal_bounded,3,7,3,0.000130554,0.000117173,0.000261758,0.000012429,95028,yes
family-g3-h4-a3-b0,legacy-finite-family,family,1,4,5,3,4,160,optimal_bounded,0,3,40,42,3,32,1281,optimal_bounded,0,160,1320,optimal_bounded,0,7,3,0.000104595,0.000117705,0.000265363,0.000012318,95028,yes
family-g3-h4-a3-b1,legacy-finite-family,family,1,4,5,3,4,160,optimal_bounded,1,3,40,42,3,32,1281,optimal_bounded,1,160,1320,optimal_bounded,1,7,3,0.000155610,0.000139036,0.000267116,0.000012348,95028,yes
family-g3-h4-a3-b2,legacy-finite-family,family,1,4,5,3,4,160,optimal_bounded,2,3,40,42,3,32,1281,optimal_bounded,2,160,1320,optimal_bounded,2,7,3,0.000117985,0.000188470,0.000280295,0.000012759,95028,yes
family-g3-h4-a3-b3,legacy-finite-family,family,1,4,5,3,4,160,optimal_bounded,3,3,40,42,3,32,1281,optimal_bounded,3,160,1320,optimal_bounded,3,7,3,0.000104795,0.000138586,0.000268208,0.000012659,95028,yes
boundary-g0-h8,legacy-resource-boundary,boundary,1,4,5,0,8,72,optimal_bounded,9,0,72,34,1,32,1571,optimal_bounded,9,72,1884,optimal_bounded,9,3,1,0.000179206,0.000150373,0.000158095,0.000008763,95156,yes
boundary-g0-h16,legacy-resource-boundary,boundary,1,4,5,0,16,136,optimal_bounded,9,0,136,66,1,64,2493,optimal_bounded,9,136,3094,optimal_bounded,9,3,1,0.000261748,0.000247537,0.000252504,0.000008242,95156,yes
boundary-g0-h32,legacy-resource-boundary,boundary,1,4,5,0,32,264,optimal_bounded,9,0,264,130,1,128,4349,optimal_bounded,9,264,5526,optimal_bounded,9,3,1,0.000422226,0.000477087,0.000485149,0.000008703,95156,yes
boundary-g0-h64,legacy-resource-boundary,boundary,1,4,5,0,64,520,optimal_bounded,9,0,520,258,1,256,8061,optimal_bounded,9,520,10390,optimal_bounded,9,3,1,0.000836200,0.000860266,0.003142440,0.000010736,95156,yes
boundary-g1-h8,legacy-resource-boundary,boundary,1,4,5,1,8,144,optimal_bounded,3,1,72,64,2,60,1739,optimal_bounded,3,144,2016,optimal_bounded,3,5,2,0.000160448,0.000171464,0.000264562,0.000011146,95156,yes
boundary-g1-h16,legacy-resource-boundary,boundary,1,4,5,1,16,272,optimal_bounded,3,1,136,128,2,124,2837,optimal_bounded,3,272,3354,optimal_bounded,3,5,2,0.000287887,0.000283200,0.000451539,0.000011718,95156,yes
boundary-g1-h32,legacy-resource-boundary,boundary,1,4,5,1,32,528,optimal_bounded,3,1,264,256,2,252,5045,optimal_bounded,3,528,6042,optimal_bounded,3,5,2,0.000505079,0.000519630,0.000941316,0.000012829,95156,yes
boundary-g1-h64,legacy-resource-boundary,boundary,1,4,5,1,64,1040,optimal_bounded,3,1,520,512,2,508,9461,optimal_bounded,3,1040,11418,optimal_bounded,3,5,2,0.000982747,0.001027854,0.001776705,0.000013079,95156,yes
boundary-g4-h8,legacy-resource-boundary,boundary,1,4,5,4,8,360,optimal_bounded,2,3,72,90,3,72,1885,optimal_bounded,2,360,1892,optimal_bounded,2,7,3,0.000165696,0.000215239,0.000571467,0.000014061,95156,yes
boundary-g4-h16,legacy-resource-boundary,boundary,1,4,5,4,16,680,optimal_bounded,2,3,136,186,3,152,3159,optimal_bounded,2,680,3102,optimal_bounded,2,7,3,0.000281387,0.000314476,0.001062776,0.000013380,95156,yes
boundary-g4-h32,legacy-resource-boundary,boundary,1,4,5,4,32,1320,optimal_bounded,2,3,264,378,3,312,5719,optimal_bounded,2,1320,5534,optimal_bounded,2,7,3,0.000528433,0.000610856,0.002094596,0.000014051,95156,yes
boundary-g4-h64,legacy-resource-boundary,boundary,1,4,5,4,64,2600,optimal_bounded,2,3,520,762,3,632,10839,optimal_bounded,2,2600,10398,optimal_bounded,2,7,3,0.002429743,0.001378824,0.004461975,0.000019399,95284,yes
boundary-g16-h8,legacy-resource-boundary,boundary,1,4,5,16,8,1224,optimal_bounded,2,3,72,90,3,72,1887,optimal_bounded,2,1224,1966,optimal_bounded,2,7,3,0.000215039,0.000185525,0.002268794,0.000014902,95284,yes
boundary-g16-h16,legacy-resource-boundary,boundary,1,4,5,16,16,2312,optimal_bounded,2,3,136,186,3,152,3161,optimal_bounded,2,2312,3240,optimal_bounded,2,7,3,0.000290411,0.000378111,0.003663401,0.000014471,95284,yes
boundary-g16-h32,legacy-resource-boundary,boundary,1,4,5,16,32,4488,optimal_bounded,2,3,264,378,3,312,5721,optimal_bounded,2,4488,5800,optimal_bounded,2,7,3,0.000529094,0.000626849,0.008029055,0.000017406,95540,yes
boundary-g16-h64,legacy-resource-boundary,boundary,1,4,5,16,64,8840,optimal_bounded,2,3,520,762,3,632,10841,optimal_bounded,2,8840,10920,optimal_bounded,2,7,3,0.001147972,0.001205397,0.017432076,0.000020841,96180,yes
boundary-g32-h8,legacy-resource-boundary,boundary,1,4,5,32,8,2376,optimal_bounded,2,3,72,90,3,72,1887,optimal_bounded,2,2376,1966,optimal_bounded,2,7,3,0.000178595,0.000187018,0.003562232,0.000015503,96180,yes
boundary-g32-h16,legacy-resource-boundary,boundary,1,4,5,32,16,4488,optimal_bounded,2,3,136,186,3,152,3161,optimal_bounded,2,4488,3240,optimal_bounded,2,7,3,0.000279144,0.000337169,0.007553550,0.000015924,96180,yes
boundary-g32-h32,legacy-resource-boundary,boundary,1,4,5,32,32,8712,optimal_bounded,2,3,264,378,3,312,5721,optimal_bounded,2,8712,5800,optimal_bounded,2,7,3,0.000563836,0.000587310,0.068773740,0.000025117,96180,yes
boundary-g32-h64,legacy-resource-boundary,boundary,1,4,5,32,64,17160,optimal_bounded,2,3,520,762,3,632,10841,optimal_bounded,2,17160,10920,optimal_bounded,2,7,3,0.001582216,0.001540084,0.028651792,0.000022354,97460,yes
boundary-g64-h8,legacy-resource-boundary,boundary,1,4,5,64,8,4680,optimal_bounded,2,3,72,90,3,72,1887,optimal_bounded,2,4680,1966,optimal_bounded,2,7,3,0.000190152,0.000265764,0.007030544,0.000016044,97460,yes
boundary-g64-h16,legacy-resource-boundary,boundary,1,4,5,64,16,8840,optimal_bounded,2,3,136,186,3,152,3161,optimal_bounded,2,8840,3240,optimal_bounded,2,7,3,0.000300215,0.000350760,0.013887972,0.000017746,97716,yes
boundary-g64-h32,legacy-resource-boundary,boundary,1,4,5,64,32,17160,optimal_bounded,2,3,264,378,3,312,5721,optimal_bounded,2,17160,5800,optimal_bounded,2,7,3,0.000635402,0.000732496,0.028715666,0.000021182,98356,yes
boundary-g64-h64,legacy-resource-boundary,boundary,1,4,5,64,64,33800,optimal_bounded,2,3,520,762,3,632,10841,optimal_bounded,2,33800,10920,optimal_bounded,2,7,3,0.001529357,0.001180551,0.056387876,0.000025057,100020,yes
boundary-g96-h8,legacy-resource-boundary,boundary,1,4,5,96,8,6984,optimal_bounded,2,3,72,90,3,72,1887,optimal_bounded,2,6984,1966,optimal_bounded,2,7,3,0.000228940,0.000267777,0.011101200,0.000022183,100020,yes
boundary-g96-h16,legacy-resource-boundary,boundary,1,4,5,96,16,13192,optimal_bounded,2,3,136,186,3,152,3161,optimal_bounded,2,13192,3240,optimal_bounded,2,7,3,0.000305853,0.000375217,0.024446557,0.000024196,100020,yes
boundary-g96-h32,legacy-resource-boundary,boundary,1,4,5,96,32,25608,optimal_bounded,2,3,264,378,3,312,5721,optimal_bounded,2,25608,5800,optimal_bounded,2,7,3,0.000811072,0.000675812,0.043081567,0.000020540,100404,yes
boundary-g96-h64,legacy-resource-boundary,boundary,1,4,5,96,64,50440,optimal_bounded,2,3,520,762,3,632,10841,optimal_bounded,2,50440,10920,optimal_bounded,2,7,3,0.001409901,0.001376831,0.087471454,0.000026790,103860,yes
boundary-g128-h8,legacy-resource-boundary,boundary,1,4,5,128,8,9288,optimal_bounded,2,3,72,90,3,72,1889,optimal_bounded,2,9288,2040,optimal_bounded,2,7,3,0.000329759,0.000301947,0.014439088,0.000019599,103860,yes
boundary-g128-h16,legacy-resource-boundary,boundary,1,4,5,128,16,17544,optimal_bounded,2,3,136,186,3,152,3163,optimal_bounded,2,17544,3378,optimal_bounded,2,7,3,0.000344400,0.000351271,0.028385186,0.000021362,103860,yes
boundary-g128-h32,legacy-resource-boundary,boundary,1,4,5,128,32,34056,optimal_bounded,2,3,264,378,3,312,5723,optimal_bounded,2,34056,6066,optimal_bounded,2,7,3,0.000592899,0.000640921,0.059174687,0.000026980,103860,yes
boundary-g128-h64,legacy-resource-boundary,boundary,1,4,5,128,64,67080,optimal_bounded,2,3,520,762,3,632,10843,optimal_bounded,2,67080,11442,optimal_bounded,2,7,3,0.001208172,0.001316833,0.116194981,0.000029514,105220,yes
